motionUserAccelerationX,motionUserAccelerationY,motionUserAccelerationZ
0.4109425 , -0.5642847 , 1.123786
0.5760416 , -1.432222 , 1.130248
0.6374914 , -1.219166 , 1.120531
0.2798263 , -0.5646793 , 0.2338563
0.03736781 , 0.2193398 , -1.221588
0.1579798 , 0.1942516 , -1.188541
-0.1150049 , -0.4576625 , 1.945408
0.860162 , -0.3791247 , 1.494054
0.6011943 , 0.09142952 , 2.11477
-2.23961 , 0.7433521 , -0.5049221
-0.2064829 , 0.828536 , 0.9606239
-0.3096975 , 1.642394 , 0.2316381
-0.26982 , 0.7309308 , -0.9696232
-0.2495751 , 0.3659998 , -1.197807
0.7177036 , -0.1744335 , -0.7348118
0.7168172 , -0.2756148 , -1.286754
1.21692 , 0.08462107 , -0.353568
-0.03381449 , -1.216286 , 0.2668922
0.1235538 , -1.049883 , -0.02715908
0.2155954 , 1.213108 , -0.3268659
-0.1510766 , 1.898204 , 0.1049348
-1.121515 , 1.081557 , 0.037443
-0.4217 , 1.860573 , -0.2069336
0.03586476 , 1.174977 , 0.04348843
0.03088363 , 0.7624174 , 0.3195576
0.2183971 , -0.1308375 , 0.7950076
0.3372236 , -1.163978 , 1.303252
0.6780613 , -2.099133 , 1.592219
0.3051382 , -0.507529 , 0.0681143
-0.1684108 , 0.405097 , -1.296298
-0.05224953 , 0.5205178 , -1.251177
0.343329 , -0.2682223 , 2.241923
-0.1923293 , -0.6280614 , 1.425087
0.1141991 , 0.4037893 , 2.174678
-1.285589 , 0.8224195 , -0.03199043
-0.6723944 , 0.3910143 , 1.139705
-0.7053781 , 1.42705 , 0.1639666
0.1601575 , 0.8435801 , -0.7938491
0.2706839 , 0.02142959 , -1.098476
0.488639 , -0.2146611 , -0.9325822
0.9435723 , 0.09972562 , -1.01936
0.7346616 , -0.4111816 , -0.9111177
0.5427753 , -0.3392964 , 0.1240265
0.5427753 , -0.3392964 , 0.1240265
0.4379762 , 0.5244254 , -0.1282277
-1.180238 , 1.71897 , -0.1624869
-1.57136 , 1.048381 , -0.01613291
-1.08365 , 1.563084 , 0.2500004
-0.3407713 , 1.132578 , 0.01140129
-0.1283385 , 0.749506 , 0.4518479
0.2172267 , -0.4004951 , 1.386979
0.6326383 , -1.317407 , 1.500005
0.8529624 , -1.107918 , 1.254828
0.4800656 , -0.5794961 , 0.23239
-0.03760125 , -0.2150264 , -1.030831
0.5767521 , 0.2156237 , -0.1498731
-0.9302467 , 0.5518469 , 0.3234675
-0.1836277 , -0.3927682 , 1.128878
0.2927487 , -0.3911029 , 1.978489
-1.79068 , 0.3872334 , 0.2378674
-0.4070153 , 0.7633203 , 0.86992
-0.4070153 , 0.7633203 , 0.86992
-0.535574 , 0.2695267 , -1.13158
-0.8521467 , -0.05911011 , -1.079632
0.8965433 , -0.3550229 , -1.510283
1.228522 , 0.2371893 , -1.335999
1.022899 , -0.2509735 , -0.5901623
0.6365744 , -0.7403945 , -0.3310033
0.4303862 , -0.05005259 , 0.1318964
-0.5160205 , 0.7223634 , -0.2623327
-1.4622 , 1.513673 , 0.1057712
-1.641917 , 1.740255 , 0.4853848
-0.7351514 , 2.400854 , -0.2574002
0.0496202 , 0.2646488 , 0.5135154
0.206921 , -0.06396199 , 0.8133628
0.3723651 , -0.6776326 , 1.206334
0.5133579 , -2.284405 , 1.729847
0.5669491 , -0.9107255 , 1.287736
0.3330179 , -0.7297328 , 0.1298603
0.36234 , 0.5421212 , -1.291391
0.9479172 , 0.3059621 , -0.9437312
-0.9732715 , 0.989724 , 1.275076
-0.07983908 , -0.7389852 , 1.529078
0.5694811 , -0.6567813 , 2.485522
-2.091007 , 0.9304035 , 0.1609118
0.3133934 , 2.518892 , -0.5539997
0.02500927 , 1.117547 , 0.2897751
-0.5453172 , 0.3383372 , -0.6727311
0.5439323 , 0.0910814 , -0.9756974
1.035694 , -0.4864922 , -0.8269876
1.292993 , 0.2167955 , -1.223772
0.4548193 , -0.6596951 , -0.3480456
0.4555552 , -0.6727319 , -0.3803404
0.6445914 , -0.1303696 , -0.03421836
-0.6263151 , 1.162207 , -0.1959743
-1.553659 , 0.6179839 , -0.07811734
-1.733561 , 0.8274627 , 0.04580381
-0.4589007 , 1.734468 , 0.0933187
-0.2437329 , 0.9208015 , 0.2047842
0.01495149 , 0.2427949 , 0.5235322
0.4931368 , -0.7316696 , 1.06621
0.7883462 , -1.744035 , 1.412244
0.8956655 , -1.142619 , 1.255264
0.4166906 , -0.3901569 , 0.1140779
-0.7411724 , 0.9787911 , -2.350331
0.2132158 , -0.3951955 , -0.08676624
-1.132273 , -0.594964 , 2.070585
1.000778 , 0.4247248 , 1.984166
0.437338 , 0.4627302 , 1.544052
-0.6718065 , 0.7824947 , 0.498015
-0.09700929 , 0.9488009 , 0.5522782
-0.4591525 , 1.463063 , 0.03434411
-0.2597881 , 0.8955688 , -0.6744105
-0.1466796 , -0.2395704 , -1.232643
0.7246905 , -0.5799989 , -0.9394811
1.16105 , 0.008674393 , -1.114685
0.9011636 , -0.4279954 , -0.6384578
0.4856089 , -0.8110151 , -0.3055276
0.629924 , -0.4900392 , -0.08302745
0.2591487 , 0.4639376 , -0.2321432
-1.051184 , 2.110747 , -0.05292004
-1.647682 , 1.194885 , -0.09071391
-1.333934 , 1.232311 , 0.09855106
-0.5380312 , 1.349376 , -0.01759782
-0.2726038 , 0.5597866 , 0.420749
0.383214 , -0.2027792 , 0.7546754
0.7620684 , -1.396015 , 1.091668
0.908344 , -1.413743 , 1.427484
0.5103979 , -0.7598206 , 0.3679639
-0.1781999 , -0.448002 , -0.216882
0.6051903 , -0.2879428 , 0.08638355
0.6577247 , -1.593377 , 3.476351
-2.486808 , -0.562236 , -0.6397346
0.7814026 , 0.2914073 , 1.450097
-0.4989034 , 0.01591221 , 0.6588437
-0.9711159 , 0.1867822 , 0.5017499
-0.371678 , 1.331848 , 0.5106735
-0.2625625 , 2.234134 , -0.5448886
-0.4776163 , 0.6151466 , -1.294281
0.4084268 , -0.01134063 , -1.027843
0.9168355 , -0.1601373 , -1.454041
1.219406 , 0.2611343 , -1.092914
0.0821685 , -0.9473192 , -0.2902303
0.0296633 , -0.8294371 , -0.3746822
0.2847976 , -0.3090437 , 0.1560282
-0.3052889 , 1.524082 , 0.1537571
-1.30519 , 0.8138705 , -0.05338118
-1.323053 , 1.55479 , 0.1848522
0.1324099 , 1.436977 , -0.2151464
-0.03682125 , 0.5329179 , 0.6047317
0.1037204 , -0.2216653 , 0.9303168
0.567577 , -0.904103 , 1.100624
0.9551044 , -0.9514492 , 0.9445955
0.8064393 , -0.685241 , 0.7615855
-0.9968906 , 1.129306 , -2.744333
0.5287851 , -0.3711916 , 0.2272677
-0.3404788 , -0.1242243 , 2.353232
0.702404 , -0.6303244 , 1.382101
0.7163948 , 0.2046032 , 2.382602
-1.679183 , 1.11621 , -0.158085
-0.07142812 , 0.3737249 , 0.6235874
-0.1278454 , 1.10934 , 0.7515954
0.08115984 , 1.709933 , -0.8685586
-0.6419466 , 0.07963659 , -1.328251
0.3911177 , -0.598182 , -0.8429732
0.7627291 , -0.4353779 , -1.076671
0.7881002 , -0.4932585 , -0.5542595
0.1122971 , -0.8658961 , -0.1897343
0.1361413 , -0.8213308 , -0.3318235
0.4101523 , 0.9238738 , -0.01280087
-0.826564 , 1.084375 , -0.1535888
-1.042943 , 1.094588 , 0.02463625
-1.586102 , 1.642174 , 0.2744138
-0.2302136 , 1.187668 , 0.3317338
-0.1364144 , 0.9747373 , 0.2934999
0.5284891 , -0.5782745 , 0.916047
0.833824 , -1.180004 , 0.9999758
0.9470726 , -1.879835 , 1.185288
0.2947447 , -0.5752495 , -0.07419349
-1.043018 , 0.8707093 , -2.059604
0.2140824 , -0.3578784 , -0.2934911
0.7058658 , -1.148204 , 2.462689
-0.5646988 , 1.631103 , 2.395404
1.356093 , -0.8614897 , 1.966629
0.1151147 , 0.2627442 , 1.043925
-0.0533735 , 1.312642 , 0.4596015
0.009872677 , 0.8340998 , -0.07817983
-0.7748599 , 1.157601 , -0.5900689
-0.6790058 , 0.1123998 , -1.268725
-0.08103333 , -0.3604469 , -1.115309
1.366878 , 0.1714206 , -1.201219
1.199238 , -0.1337512 , 0.1275301
0.3338051 , -0.7299061 , -0.2345077
0.4742313 , -0.6579182 , 0.01676023
0.7427326 , 0.324094 , 0.4266214
-0.3018601 , 1.608477 , 0.4021105
-1.158487 , 1.101233 , 0.09636154
0.09149916 , 1.977064 , 0.02839263
-0.009539791 , 1.901881 , 0.0403391
-0.2017834 , 0.1780987 , 0.9046996
0.2499016 , -0.5170072 , 0.8293415
0.6995074 , -1.205251 , 0.8936708
0.9193361 , -1.336253 , 0.8269804
0.7287913 , -0.4813657 , 0.1904964
-0.350702 , 0.8441497 , -2.124525
0.2324727 , 0.2531165 , -0.8261529
-1.023359 , 1.580382 , 1.031749
-0.3683138 , 2.394125 , 0.5847078
-0.4000304 , 3.022713 , -0.2657599
0.1443285 , 1.834786 , -0.0002958474
-0.6663877 , 0.7611659 , 0.6893055
-1.063208 , 1.115473 , -1.082887
-0.4771777 , 0.6395209 , -1.295488
0.6433831 , -0.3862276 , -0.9188477
0.9148854 , -0.01338092 , -1.316001
1.639447 , 0.1045814 , -0.5959405
0.6983304 , -0.7045345 , -0.3398313
0.4305218 , -0.7444912 , -0.1978776
0.5365033 , -0.2715811 , 0.011495
-1.667211 , 2.911947 , -0.04033733
-1.02801 , 0.8108324 , 0.2941432
-1.103784 , 1.041151 , -0.04568956
0.2537354 , 1.212184 , 0.1819908
-0.2168388 , 0.3122483 , 0.5904572
0.276051 , -0.3950195 , 0.9667949
0.5362833 , -1.411709 , 1.045102
0.6795792 , -1.370643 , 1.113051
0.4637305 , -0.6156338 , 0.1217225
-0.1321172 , 0.4120681 , -1.879082
1.030252 , -0.250655 , 0.689613
0.4243966 , -0.929744 , 2.36587
-0.4798631 , 0.3704176 , 1.173302
0.8096198 , -0.2699311 , 2.383785
-0.6849059 , 0.432404 , 0.5538036
-0.004251525 , 1.280154 , 0.5325392
0.08859861 , 1.480535 , -0.06620292
-0.4747819 , 0.8647013 , -0.6214004
-0.242987 , 0.3198881 , -1.116536
0.4000789 , 0.001613678 , -0.9807332
1.053143 , -0.4604646 , -0.9211718
1.334344 , 0.2063956 , -0.8970522
0.1581917 , -0.9035123 , -0.1263904
0.1802886 , -0.8570244 , 0.003223557
-0.3772975 , 1.479705 , 0.2141525
-0.6043538 , 0.5087691 , -0.2167891
-0.9169194 , 0.976756 , -0.1074499
0.08616201 , 1.819992 , 0.151655
-0.1224327 , 0.8750309 , 0.2406233
-0.09525912 , 0.03138197 , 0.8957849
0.4339372 , -1.066386 , 1.164517
0.589142 , -1.828589 , 1.129877
0.5855757 , -1.364113 , 0.6887698
0.07969791 , 0.1566521 , -1.086985
-0.9263549 , 0.2713444 , -1.809153
-1.374864 , 1.555493 , -1.245666
1.108071 , -1.386117 , 3.006709
1.050223 , -0.4747034 , 2.21468
-0.5461769 , 2.002519 , 0.1418514
0.2402283 , 1.7643 , 0.3365703
-0.1953626 , 0.38701 , 0.368222
-0.7893546 , 1.06448 , -0.399523
-0.3278829 , 0.8844483 , -0.7249965
-0.2592022 , -0.1779097 , -1.06955
0.9342504 , -0.6035859 , -0.6393841
1.084113 , 0.03883561 , -0.7377117
0.09160594 , -0.8093359 , -0.2207996
0.141053 , -0.7471104 , -0.2868896
0.4171667 , 1.099835 , 0.09778889
-0.006570641 , 1.643885 , 0.254528
-0.9212748 , 1.382476 , 0.2184962
-0.2045146 , 1.800549 , -0.1021969
0.01254361 , 2.024483 , 0.5207089
-0.3240413 , 0.866206 , 0.5293667
0.2725043 , -0.04320839 , 0.9253005
0.5590005 , -0.941929 , 0.9929246
0.6173523 , -1.683501 , 0.9655628
0.5281165 , -0.7611166 , 0.1695168
0.1124345 , 0.1016139 , -1.25388
0.2098966 , 0.4273219 , -1.2883
-0.641414 , 0.6446666 , 0.9892403
-0.7366655 , 0.09155319 , 1.70008
0.9291552 , -1.246745 , 2.685694
-0.1707701 , 1.19277 , 0.7501819
0.5180008 , 2.379255 , -0.3235182
0.1706017 , 0.7915081 , 0.1271965
-1.063239 , 1.019614 , -0.6410203
-0.5422308 , 0.5482826 , -1.081948
-0.4968283 , 0.446885 , -1.227462
1.211199 , -0.404298 , -0.8352101
1.551165 , 0.1953766 , -1.041759
1.021558 , -0.2747054 , -0.3834126
0.1446228 , -0.662292 , -0.348595
0.4693237 , 0.4088055 , -0.1210518
-0.07209793 , 1.85163 , 0.1945653
-1.259242 , 1.087805 , 0.1789003
-1.035082 , 1.356779 , 0.04958111
0.02852365 , 2.035029 , 0.114288
-0.1103217 , 0.5947235 , 0.4591386
0.3979091 , -0.3733861 , 0.9948249
0.6339122 , -0.9334995 , 0.817226
0.8023712 , -1.907595 , 0.9809055
0.8067391 , -0.5298218 , 0.1126383
-0.1186028 , 0.3610433 , -1.441299
0.1217085 , -0.03784675 , -0.7089331
1.086834 , -0.7097241 , 1.788647
-4.187432 , 1.733143 , -3.316259
1.15387 , -0.4637642 , 1.288557
-0.7294977 , 1.556524 , -0.2888214
-0.840115 , 1.741007 , -0.3131552
-0.3250837 , 0.4238221 , 0.2150034
-0.7863175 , 1.667168 , -0.02245501
-0.5520465 , 1.42634 , -0.9527786
0.1242021 , -0.15156 , -1.237051
0.9361266 , -0.6012543 , -0.4958389
1.402088 , 0.05058861 , -1.145521
0.7504206 , -0.353733 , -0.6300498
0.4375106 , -0.77684 , -0.2103271
0.6390443 , -0.4265872 , -0.1502345
0.1669113 , 1.502433 , -0.1286491
-1.233778 , 1.430043 , -0.1643118
-1.340081 , 1.123984 , 0.1208167
-0.4332436 , 1.222955 , 0.149821
-0.2971533 , 1.184944 , 0.3327345
-0.2008138 , 0.5986741 , 0.3823113
0.3503599 , -0.9533055 , 0.8654723
0.7035164 , -1.848774 , 1.241563
0.8660372 , -1.128765 , 0.9520276
0.1404446 , -0.3553264 , -0.5037545
-0.1126083 , 0.6531183 , -1.664358
0.3029163 , -0.3890032 , -0.1061841
-0.1232686 , -0.9020086 , 1.808094
0.01614195 , -0.1922828 , 1.286889
-0.1047752 , -0.06793519 , 1.693273
-0.7047023 , 0.6662802 , 0.2439218
0.02116782 , 0.7834127 , 0.6603171
-0.04616132 , 1.556941 , 0.2306224
-0.3437975 , 1.118546 , -1.174483
-0.5017306 , 0.1790328 , -1.224299
0.8234414 , -0.1890417 , -1.052495
1.033093 , -0.0519092 , -1.422721
1.200792 , -0.0702389 , -0.7450587
0.02288599 , -0.9531012 , -0.2160088
0.1225579 , -0.5304215 , -0.1266595
-0.3285844 , 1.378556 , -0.1483499
-1.257268 , 1.150822 , -0.463954
-1.628906 , 1.475497 , 0.266565
-0.4808141 , 1.608393 , -0.08709487
-0.01234613 , 1.249998 , -0.1085432
0.06103612 , 0.06423613 , 0.7781466
0.3337839 , -0.6690344 , 1.104391
0.8097048 , -2.119606 , 1.527775
1.050236 , -1.21817 , 1.102156
-0.214204 , 0.02487153 , -1.266254
-0.4557706 , 0.5566877 , -2.396931
0.7166178 , -0.8658233 , 2.794772
-2.910829 , 0.5301664 , -1.685068
-0.9937611 , 1.328311 , 0.4341272
-0.8096876 , -0.08871864 , 0.4556328
-0.9645869 , 0.2728004 , 0.5321212
0.1600116 , 1.560952 , 0.9219266
0.1782278 , 2.279339 , -0.7113453
-0.7223156 , 0.3354526 , -1.18902
-0.3191586 , -0.07285022 , -0.9505212
1.013308 , -0.5431136 , -0.8738872
1.336315 , 0.2175104 , -1.183433
0.9165241 , -0.2842691 , -0.796203
0.1197264 , -0.7522917 , -0.5847646
0.425014 , -0.1444878 , -0.1060726
0.08106796 , 0.745528 , -0.3199632
-1.54933 , 1.361979 , -0.2643896
-1.93165 , 1.566094 , 0.0485544
-0.3950208 , 1.45438 , 0.04607425
0.3231577 , 1.224864 , -0.05999555
0.1611208 , -0.192108 , 0.9472948
0.271759 , -0.6978986 , 1.097495
0.8546406 , -2.311118 , 1.661267
0.6294621 , -0.6263369 , 0.3327437
0.3112509 , -0.5108622 , -0.05657765
-0.7182679 , 0.7578237 , -1.483315
-0.1478261 , -0.4830373 , 2.774569
-0.9383903 , -0.2384412 , 1.321194
0.3060803 , 0.1325672 , 2.025075
-0.548088 , 0.4393812 , 0.2522139
-0.2331266 , 0.838227 , 0.743299
0.1725005 , 1.032866 , 0.6084871
-0.06168184 , 1.582725 , -0.5124419
-0.5263104 , 0.4860696 , -1.096258
0.1042059 , -0.09981641 , -1.141244
0.9393414 , -0.6938407 , -0.8739709
1.028043 , 0.01182698 , -1.287073
0.6543067 , -0.5288056 , -0.643913
-0.1273978 , -0.9727687 , -0.5123022
0.01811136 , -0.548552 , -0.3989568
0.2831725 , 1.548195 , 0.1003951
-0.8303565 , 0.9945269 , -0.1344886
-1.59598 , 0.9005076 , 0.1651898
-0.1066045 , 1.61387 , -0.1528666
0.02071363 , 1.507269 , 0.2886724
-0.08500803 , 0.640709 , 0.1961242
0.6357682 , -1.700302 , 1.168177
0.8917444 , -2.009933 , 1.35998
0.9594604 , -1.611379 , 1.250773
-0.4085161 , 0.5466529 , -2.439585
0.3339416 , 0.1735171 , -0.6234969
0.477782 , -0.9661276 , 1.741127
-2.409111 , 1.047893 , -0.7310508
0.3528934 , -0.5259961 , 1.559036
-0.2482938 , 0.1853385 , 1.246472
-0.3881342 , 0.9101994 , 0.7008553
0.08923601 , 1.697429 , 0.3151214
0.1508469 , 1.924477 , -0.6260148
-0.9496595 , 0.361246 , -1.558915
0.3815107 , -0.2446292 , -0.9849439
0.9525341 , -0.6733809 , -0.853572
1.483967 , -0.00788598 , -0.9909761
0.2548535 , -0.747719 , -0.6708745
0.5963863 , -0.6339558 , -0.3973973
0.9380733 , -0.03625583 , -0.126205
0.1299367 , 1.336923 , -0.2776803
-1.385703 , 1.173934 , 0.06687405
-1.609649 , 1.242677 , 0.3149198
-0.04238669 , 1.598941 , 0.09135536
0.02532572 , 1.001932 , 0.1183944
0.2745492 , -0.6800162 , 0.9340887
0.2448478 , -1.90371 , 1.162375
0.5969306 , -2.045776 , 1.462384
0.2681171 , -0.7380186 , 0.02778026
-0.2397313 , 0.5802615 , -2.36947
0.2913026 , -0.4816075 , -0.14635
-1.805605 , 0.3116596 , -0.2617221
-0.1020202 , -0.1872106 , 1.126068
0.05937717 , -0.4642134 , 2.0408
-0.8075975 , 1.058042 , 0.3452046
-0.03414388 , 1.306629 , 0.5569735
-0.06645652 , 2.364048 , -0.7576827
-0.730085 , 0.4671802 , -1.91729
-0.002195034 , 0.1409765 , -1.338373
1.090142 , -0.4486269 , -0.9806792
1.209606 , 0.2590371 , -1.312878
0.4344787 , -0.6264341 , -0.8283771
-0.2996958 , -1.064261 , -0.5724283
0.238495 , -0.4124961 , -0.2353901
0.1663511 , 1.60287 , -0.1965027
-1.130673 , 1.27601 , -0.09587968
-0.453761 , 1.384931 , -0.2269184
0.4138856 , 1.511008 , -0.03623071
0.4216579 , 1.526417 , -0.007063428
0.3002672 , -0.5007468 , 0.9130348
0.8489316 , -1.923082 , 1.354243
0.8925941 , -1.974918 , 1.372445
0.5655057 , -0.5747122 , 0.3175418
-0.6321872 , 0.9899123 , -2.632118
-0.05387552 , 0.03636117 , -0.4657704
0.7596168 , -1.215176 , 2.918219
-3.024955 , 0.5343888 , -1.445737
0.4548556 , 0.02093358 , 1.679747
-0.6886107 , 0.441334 , 0.4505714
-0.3046246 , 0.8129234 , 0.6107482
-0.03051004 , 1.064391 , 0.5092022
-0.0452873 , 2.19422 , -0.9606917
-0.5088911 , 0.5548843 , -1.231943
0.3253706 , -0.07791311 , -1.212102
1.126774 , -0.4935551 , -1.145687
1.543775 , 0.3021154 , -1.144216
0.2471833 , -0.6718702 , -0.7085131
0.1679051 , -0.9030626 , -0.3383211
0.5509056 , 0.4300343 , -0.1714291
0.30742 , 0.8986182 , -0.2859289
-1.216183 , 1.369232 , 0.08926869
-0.376605 , 2.026556 , -0.1148751
-0.1948526 , 2.077229 , -0.02598082
0.1341818 , 0.4995347 , 0.4759999
0.1509512 , -0.4428964 , 0.7973933
0.3881124 , -1.426512 , 1.238268
0.5765525 , -1.9038 , 1.483891
0.3709685 , -0.8453237 , 0.4354807
-0.5881192 , 0.2541169 , -2.236544
0.7440108 , -0.2201866 , -0.01020952
-1.318209 , 0.7338353 , 1.062779
-0.310328 , 0.779675 , 0.6289096
0.1281195 , -0.2723762 , 2.116549
-2.085594 , 1.530838 , -0.4460258
0.203472 , 1.000996 , 0.9115809
0.2539314 , 1.870232 , -0.1041535
-0.3293269 , 1.03915 , -0.9723134
-0.735872 , 0.1972132 , -1.143196
0.05039999 , -0.3358406 , -1.118253
1.33747 , 0.1747902 , -1.194817
1.035729 , -0.05102298 , -1.033478
0.2390593 , -0.856227 , -0.4410416
0.8579696 , -0.2401111 , -0.2335361
0.7509881 , 0.1726943 , -0.08977673
-1.214318 , 1.752135 , 0.07605284
-1.49081 , 0.7134027 , -0.2209177
-1.3658 , 1.429824 , -0.09612022
-0.0527259 , 1.435455 , 0.09352126
0.1894336 , 1.02332 , 0.1067424
0.4397275 , -0.2814069 , 0.8686987
0.5190822 , -1.091101 , 1.02124
0.7841368 , -1.672567 , 0.9985959
1.088292 , -0.7390071 , 0.8058953
-0.3783987 , 0.07689652 , -2.040737
-0.4373281 , -0.144351 , -1.024725
0.2135505 , -0.5868314 , -0.1819938
-0.4261682 , 0.6441733 , 1.611445
1.135765 , -1.046077 , 1.777908
0.3328317 , 0.7045548 , 1.321397
0.04977654 , 1.775054 , 0.2376655
-0.03643139 , 0.879815 , 0.1936136
-0.69952 , 1.077945 , -0.6899706
-0.8340074 , 0.316688 , -1.065693
0.3416213 , -0.6545544 , -0.9653121
0.8820027 , -0.7373327 , -0.9377117
0.6383606 , -0.2023757 , -0.6970184
0.0108597 , -0.8289948 , -0.5955781
-0.1218326 , -0.9923354 , -0.3961491
0.5670153 , 0.7887546 , 0.1707604
0.5277981 , 2.621323 , 0.4001107
0.03729969 , 1.094261 , -0.09736678
-1.190777 , 1.480499 , 0.3338251
1.189351 , 2.708276 , 0.3538716
-0.131139 , 1.615889 , 0.7716364
-0.1388279 , 0.2037658 , 0.9412345
-0.09495812 , -1.626663 , 1.077924
-0.3228086 , -2.061006 , 1.3479
-0.1005941 , -1.15189 , 0.7243615
0.07559804 , -0.05336152 , -0.7137417
0.1110447 , 0.6260825 , -2.139868
1.168162 , 0.1421041 , 2.162567
-1.986448 , -0.0601321 , -0.4993566
1.295044 , -1.010939 , 2.355124
0.02473103 , 1.447097 , 0.6188279
0.09895051 , 0.9323696 , 0.6631097
-0.4401287 , 0.7915586 , 1.316529
-0.1654213 , 0.8138344 , -1.288089
0.5736971 , 0.2577985 , -1.257582
0.4928772 , -0.6394255 , -1.255656
1.569253 , 0.09515526 , -0.8979717
0.816425 , -0.5541975 , 0.02321857
0.2736802 , -0.8090486 , -0.1051995
0.1137947 , 0.04393283 , -0.121369
-1.170529 , 2.063473 , 0.692126
-1.356687 , 0.8447948 , 0.2030917
-0.7585885 , 1.23316 , -0.1647546
0.3673479 , 1.089732 , -0.4476173
0.2325532 , 0.5737119 , 0.08834236
0.1472048 , -0.9846116 , 1.247927
0.3419713 , -1.737888 , 1.341603
0.364701 , -2.152341 , 1.42167
0.1009093 , -0.1549264 , 0.1073551
0.08436102 , 1.031006 , -2.050517
0.185842 , -0.4746437 , -0.7520652
-0.5402138 , -0.7687784 , 2.400177
-1.117493 , 0.8082372 , 1.177663
0.8222816 , -0.5884432 , 2.247064
-0.1294969 , 0.5728187 , 0.6932749
0.1288777 , 0.909857 , -0.03900545
0.05555108 , 0.9498616 , 0.06772106
-0.7461674 , 1.077408 , -0.8304086
-0.8295528 , 0.156245 , -1.395324
0.1343296 , -0.02802321 , -1.113389
1.083523 , -0.5594777 , -1.249748
1.142444 , -0.2805995 , -0.5586076
0.1894696 , -0.7490895 , -0.2488203
0.03673928 , -0.8909365 , -0.3289365
0.7316831 , 0.3061003 , 0.2334443
0.6584528 , 2.059021 , 0.3766236
-0.9356458 , 1.626333 , 0.2981087
0.5296426 , 2.300238 , -0.2704316
-0.1922401 , 2.06543 , 0.525796
-0.2991772 , 0.7915327 , 0.719256
-0.05335395 , -0.125798 , 1.048271
0.08906102 , -1.155128 , 1.234987
0.3384786 , -1.737593 , 1.351898
0.6747579 , -1.227357 , 0.9065782
0.2084044 , -0.1409445 , -0.775627
0.1312611 , 0.8062408 , -1.837252
-0.9291852 , 1.751445 , 1.651906
-0.7561622 , 0.5987191 , 2.34191
0.900714 , -0.6369214 , 2.353116
-0.8031908 , 2.835517 , 0.0873092
-0.4307342 , 3.312836 , -0.5723883
-1.118987 , 0.954707 , -0.5405669
-1.190655 , 0.4882097 , -0.9885275
-0.4823892 , 0.1724803 , -0.9478502
1.054965 , -0.6766021 , -1.168841
1.4925 , 0.193371 , -1.338883
0.5923935 , -0.4430769 , -0.7376847
0.2485251 , -1.000924 , -0.2315184
0.7139238 , -0.334889 , 0.05881814
0.6421219 , 0.7211106 , -0.0433228
-0.6875942 , 1.379858 , 0.09507337
-1.242078 , 1.676276 , 0.136854
-0.6535894 , 2.302108 , -0.01654505
0.3873032 , 1.806826 , -0.03424129
-0.09572984 , 0.5626134 , 0.8729518
0.1605685 , -0.4699301 , 1.32576
0.3583563 , -1.480722 , 1.385501
0.5599657 , -1.896147 , 1.559488
0.4757165 , -0.8059616 , 0.6607395
-0.4688493 , 0.5607406 , -2.107128
1.267713 , -0.01831021 , -0.02085457
1.320395 , 0.1050172 , 1.948071
-0.5759242 , -0.8989552 , 1.330248
0.9159026 , -0.5330506 , 2.312577
-0.2583286 , 1.402718 , 1.184572
0.5863996 , 2.094412 , 0.1547252
0.1113973 , 1.444235 , 0.6233712
-1.304309 , 0.5500399 , -1.119796
-0.6659651 , 0.2638595 , -0.8857271
0.5348683 , -0.3355531 , -0.8968584
1.447453 , 0.153864 , -1.733022
0.2795333 , -0.7076536 , -0.732484
0.1085229 , -0.8928232 , -0.2825719
0.5273443 , -0.5237637 , -0.06089586
0.2335047 , 1.190369 , 0.04567097
-0.7848011 , 1.744122 , 0.02054066
-1.286662 , 1.388816 , 0.555679
0.1361285 , 1.727471 , -0.05583221
0.2453027 , 1.42345 , 0.3221208
0.07131934 , 0.2847188 , 0.9442545
0.4059405 , -0.9172609 , 1.20526
0.6366627 , -2.038293 , 1.553871
0.8020967 , -1.396551 , 1.266933
-0.3747088 , 0.4296467 , -1.420573
-0.3007566 , 0.9687845 , -1.459056
0.3582418 , 0.2964086 , -0.4372762
-2.021616 , 0.1744497 , 0.1501606
1.181366 , 0.7159705 , 2.572336
0.1520219 , -0.4604343 , 1.269901
-1.198252 , 0.7575139 , 0.5956733
0.4112954 , 1.652054 , 0.7752386
0.3563921 , 2.45709 , -0.5603673
-1.080936 , 0.9136654 , -1.354387
0.2459447 , -0.02929965 , -0.9825459
0.9719761 , -0.6793295 , -0.8443432
1.261382 , -0.01208413 , -1.389258
0.09749965 , -1.00491 , -0.2944404
0.1393749 , -1.084842 , 0.02807762
0.5975161 , -0.5083868 , -0.3077402
0.05506173 , 1.263408 , -0.003573174
-0.7890782 , 1.639199 , -0.05670861
-1.372705 , 1.336406 , 0.4873269
-0.8302763 , 1.90933 , 0.07703409
0.2921572 , 1.282158 , 0.2487574
0.1026656 , 0.6401916 , 0.6034252
0.4340212 , -1.591281 , 1.43317
0.5823899 , -2.029911 , 1.559368
0.6498964 , -0.8788959 , 0.7534296
-0.2776508 , -0.1434131 , -0.5675096
-0.5191487 , 1.01274 , -2.576729
0.5872685 , -0.9512367 , 0.6783896
-0.4749786 , -0.6137142 , 2.033156
1.32671 , 0.05375643 , 2.498132
0.05932391 , -0.1974052 , 0.6932204
-1.418102 , 0.40803 , 0.3275714
0.2673477 , 1.03893 , 1.064782
0.6389685 , 2.88027 , -0.4788123
-0.9942194 , 0.95277 , -1.512637
-0.9692066 , 0.2409753 , -1.067252
0.9765226 , -0.9641477 , -1.062237
1.275186 , -0.01783735 , -1.382949
0.2461474 , -0.6292251 , -0.8648892
-0.1568417 , -0.9874048 , -0.2644087
0.3246052 , -0.645116 , -0.5904415
0.2886678 , 0.3653291 , -0.1574563
-0.800867 , 2.453117 , -0.1689169
-1.191747 , 1.439435 , 0.1329649
-1.530553 , 2.429321 , 0.1991612
0.5412387 , 1.053282 , 0.2794093
0.348022 , -0.2902077 , 0.9873486
0.3710421 , -0.5252948 , 0.964879
0.2791493 , -1.797788 , 1.352995
0.4131004 , -1.258684 , 1.200269
0.0101737 , -0.3893619 , 0.6249383
-0.1572041 , 0.1370291 , -0.5933594
-0.006623517 , -0.1463328 , -1.295835
0.4447277 , -0.8316875 , 3.426597
-2.31022 , 2.19789 , -0.7439868
0.4043981 , -0.1953662 , 1.134137
-0.6960357 , 0.3982233 , 0.4538347
0.1535851 , 1.02621 , 0.5433659
0.2560426 , 2.036127 , 0.06691764
-0.3668401 , 1.497252 , -0.6471519
-0.6680706 , 0.3992633 , -1.174866
0.3385179 , -0.2659727 , -0.886872
0.8011106 , -0.3559507 , -1.59399
1.185553 , -0.2190057 , -0.8322871
-0.1202957 , -0.9334812 , -0.6876088
0.1888501 , -0.7513695 , -0.4355557
0.2465161 , 0.5127625 , -0.2865534
-1.356884 , 2.255612 , -0.150632
-1.100427 , 1.870543 , -0.07273788
0.007174877 , 1.350408 , -0.1370886
0.4257942 , 1.113023 , 0.3935866
0.2139386 , 0.5199891 , 0.8096979
0.217427 , -1.284976 , 1.474833
0.5264432 , -1.806197 , 1.470172
0.7399446 , -1.511874 , 1.382548
-0.1008671 , -0.3794622 , 0.2028724
-0.3965713 , 1.333799 , -2.961891
0.07446445 , -0.07818542 , -0.4446677
-1.066199 , 0.5076001 , 0.8695914
1.397861 , -0.876552 , 2.675657
0.44077 , -0.04804571 , 1.823475
-0.3309436 , 1.432301 , 0.9393441
0.2742431 , 1.718326 , 0.05461224
-0.1053702 , 1.989524 , -0.1456814
-0.9133172 , 0.8104207 , -1.081075
0.1648185 , 0.00105419 , -1.01912
0.7920565 , -0.8924379 , -0.9291735
0.8028086 , -0.01322704 , -1.773516
0.1722178 , -0.7270531 , -1.05082
0.1392864 , -1.138194 , -0.06337666
0.7400851 , 0.3067159 , -0.03768511
-1.017599 , 1.335704 , -0.1185051
-1.022923 , 1.332294 , -0.0716102
-1.393156 , 2.529211 , -0.07414007
0.01209293 , 1.794857 , -0.2220578
0.2499873 , 0.8133353 , 0.6282493
0.3444224 , -0.413809 , 1.277711
0.4234488 , -1.102241 , 1.458416
0.545203 , -2.298182 , 1.791497
0.967734 , -0.7693998 , 1.041811
-0.1915505 , -0.05667714 , -0.6146775
-0.743207 , 0.5289827 , -2.429193
0.4784266 , -0.5599809 , 2.253471
-2.211076 , 1.809318 , -0.8805657
0.9614092 , -1.237082 , 1.988651
-0.4371834 , 0.7924881 , 0.6777237
-0.4812212 , 1.175729 , 0.608375
0.3511742 , 1.451811 , 0.4643725
-0.1387963 , 1.160027 , -0.07057963
-0.614215 , 0.5612943 , -1.256696
0.09061544 , -0.07664828 , -1.221844
0.4720362 , -0.5545953 , -1.555411
0.4058828 , -0.6330422 , -1.133101
0.06947603 , -0.8584958 , -0.5920088
0.3368428 , -0.5072672 , -0.3724956
0.1805608 , 0.7083848 , -0.04589569
-0.4398463 , 1.39404 , 0.139546
-1.15246 , 1.522982 , -0.0134169
-0.3237309 , 2.173043 , 0.2101077
0.552394 , 1.513843 , -0.2362486
0.2007459 , 0.2362559 , 1.001348
0.1446239 , -0.6771137 , 1.271658
0.370351 , -1.697692 , 1.535371
0.6961888 , -1.576051 , 1.336426
0.222317 , -0.4951502 , 0.3808978
-0.2750167 , 0.3283226 , -1.587204
-0.322258 , -0.05542529 , -0.4601832
-0.8320305 , 0.5693305 , 1.912259
0.8848844 , 0.1176336 , 1.448348
0.6707032 , 0.1316339 , 2.090211
-1.686632 , 0.8940246 , -0.2981528
0.2406907 , 1.047202 , 1.031422
0.6058862 , 1.824426 , 0.1019083
-1.006507 , 0.2809957 , -1.168389
-1.022415 , -0.1337095 , -1.00356
0.4563071 , -0.9229969 , -1.247686
1.026747 , -0.09846078 , -1.021569
0.4167454 , -0.4973218 , -0.9584796
0.03396403 , -1.091616 , -0.5113841
0.7123277 , -0.3301228 , -0.1492766
-0.2188701 , 1.472359 , 0.1540894
-1.491987 , 1.479465 , -0.2552235
-1.097506 , 1.742807 , -0.0103924
0.3809875 , 1.702281 , -0.05730266
0.4684272 , 1.005285 , 0.4673666
0.1979347 , 0.09542943 , 1.161054
0.3046755 , -0.9322549 , 1.29232
0.3981117 , -2.130275 , 1.375804
0.7331047 , -0.767096 , 0.8894876
0.2881393 , -0.474239 , 0.3520297
-0.6482478 , 0.3402402 , -1.468848
0.3132852 , -0.7249209 , 1.159484
-1.575355 , 2.252619 , -0.3107399
2.087897 , -1.32744 , 2.583497
0.8868569 , 0.4947767 , 1.328844
-1.139425 , 2.041413 , -1.198549
-0.00714314 , 1.311609 , -0.1040646
0.02519975 , 1.755251 , -0.6844198
-0.4184062 , 1.136629 , -1.097993
-0.05538646 , -0.6374981 , -0.8594509
0.8288558 , -0.6644012 , -1.326702
1.640942 , 0.03207838 , -1.285949
-0.1354795 , -0.7161828 , -0.9678742
-0.06227762 , -1.076604 , -0.4964173
0.5653371 , -0.07045826 , 0.04575641
0.6153018 , 1.626448 , -0.1234632
-0.03104846 , 1.985107 , 0.6935281
-0.3643087 , 1.323794 , -0.02003678
0.4622578 , 1.341929 , 0.9184541
0.2647442 , 0.4378589 , 0.8845986
0.2795081 , -0.4078006 , 0.9946934
0.09338782 , -1.766587 , 1.177225
0.5058904 , -1.384749 , 1.084773
0.4363684 , -0.8883508 , 0.4443003
-0.5547287 , 1.228733 , -3.425999
0.3391058 , 0.3831354 , -0.269796
0.9250937 , 0.2664646 , 3.39353
-1.845289 , 0.4884303 , 0.7674041
0.902229 , -1.061097 , 3.014164
0.6143879 , 1.235996 , 0.8040911
0.5344979 , 1.168636 , 0.1874511
0.02003762 , 1.462399 , 0.1593181
-0.319004 , 1.715294 , 0.3849078
-1.086853 , 0.2808839 , -1.230064
0.4071386 , -0.6015844 , -0.6843677
1.169945 , -0.6444792 , -1.70186
0.5249681 , -0.4301154 , -0.3872405
0.0315183 , -0.8135032 , -0.5080982
0.1150182 , -0.9434426 , -0.4343924
0.7543337 , 0.3391908 , -0.2221994
0.8857482 , 1.78916 , 0.2317703
-0.6624686 , 1.873752 , 0.2864253
-0.6836002 , 2.115073 , 0.1253823
0.4029251 , 1.895902 , 0.2664253
0.1792418 , 1.313039 , 0.4297474
0.1838623 , -0.3558437 , 1.154198
0.2099217 , -1.607554 , 1.128258
0.3920537 , -2.179256 , 1.416759
0.6459334 , -0.7491951 , 0.8125411
-0.00702542 , 0.4852301 , -1.460506
-0.1475284 , 0.5294326 , -1.267039
0.3969474 , -0.3180515 , 0.4784295
-0.9144047 , -0.6777765 , 0.579592
-0.02199604 , -1.072388 , 1.905313
-0.4875125 , 2.26597 , -0.2406126
0.6487045 , 1.186404 , 0.2381174
0.5185354 , 1.309421 , 0.5953037
-0.9869592 , 1.065535 , -1.174597
-0.4975628 , 0.1510668 , -1.138085
0.8136601 , -0.6732442 , -1.057255
0.945106 , -0.3125504 , -1.784357
1.048435 , -0.1910902 , -0.9884928
0.1221347 , -1.18872 , 0.05492292
0.1261314 , -0.7705576 , -0.3016862
0.4051735 , 1.017795 , -0.1436213
-0.8320857 , 2.003473 , -0.04228473
-1.254349 , 2.030929 , 0.2120709
0.1575085 , 1.610331 , 0.01332287
0.6786073 , 1.301289 , 0.05894525
0.3305108 , -0.02983941 , 1.335562
0.2350368 , -1.295889 , 1.385558
0.572015 , -1.993478 , 1.307072
0.7305735 , -0.9087075 , 0.8719232
-0.05493597 , -0.3956774 , -0.4665258
-1.113225 , 1.053233 , -2.763915
-0.5079883 , 1.267815 , 1.620088
0.5264285 , -0.3217714 , 1.871751
1.475138 , -0.8408616 , 2.09184
-0.2325322 , 1.62924 , -0.2256462
0.3997207 , 1.314015 , 0.3510226
0.1170877 , 0.8317412 , 0.3475229
-0.3892306 , 1.451746 , -0.4208907
-0.8525201 , 0.5059162 , -0.9425402
-0.4810468 , -0.1762772 , -1.074634
0.5679487 , -0.7853516 , -0.9131071
1.513342 , -0.1817485 , -0.6891783
0.4660837 , -0.5323272 , -0.8390861
-0.01062061 , -1.000999 , -0.1348955
0.6105067 , 0.5628945 , -0.1806353
0.7769125 , 1.350704 , -0.04410264
-0.2562115 , 1.148355 , 0.03086608
0.04985295 , 1.779772 , 0.0635751
1.063659 , 1.972196 , 0.2646775
0.4519813 , 1.106542 , 0.6936728
0.08141052 , -0.1634208 , 1.45152
0.06419569 , -1.462611 , 1.169997
0.2264314 , -1.891187 , 1.259539
0.2270585 , -0.2550628 , -1.130198
-0.1577873 , 0.5146403 , -2.561648
1.283653 , 0.1207501 , -0.07439652
-1.081568 , 1.122987 , 1.501198
-0.8943802 , -0.9216577 , 0.8917308
0.5914077 , 0.5877534 , 1.673655
0.3090863 , 3.01866 , -1.17458
1.066898 , 1.132203 , 0.4753444
-0.5316672 , 1.607837 , -0.01544972
-1.10745 , 0.6805756 , -1.059062
-0.4891425 , -0.02396428 , -1.066505
0.7689788 , -0.7465931 , -1.518395
1.401958 , -0.1450028 , -1.20575
0.9037439 , -0.5110555 , -0.3796825
0.005140841 , -1.042553 , -0.277635
0.6406935 , -0.1717207 , -0.1404449
0.6428739 , 0.9870205 , -0.3873335
-0.4373173 , 1.677748 , 0.3351889
-0.9204041 , 1.641163 , -0.02056614
0.9374096 , 2.12102 , -0.1780634
0.1243858 , 1.262614 , 0.4866585
0.2298798 , 0.07525048 , 0.9789249
0.2082346 , -1.014046 , 1.114445
0.4343723 , -1.579691 , 1.414069
0.373024 , -0.7821653 , 0.6911749
0.2949716 , -0.6250885 , 0.3368954
-0.08046895 , 0.3182682 , -1.996563
0.7754385 , 0.1235523 , 1.565068
-0.694292 , 0.872265 , 1.135935
-0.4347111 , -1.335263 , 0.5862534
-0.3699393 , 0.7733428 , 0.7390404
0.4695219 , 2.281445 , 0.6164508
1.319821 , 1.959305 , -0.1573017
-0.804845 , 0.8183436 , -0.9494314
-0.631927 , 0.4610256 , -0.9908158
0.1947402 , -0.4552373 , -1.189342
0.4649391 , -0.531727 , -1.525606
1.334026 , 0.1090331 , -1.440905
0.136726 , -1.083494 , 0.01881397
-0.1436231 , -0.9833218 , -0.6259106
0.1648257 , 0.3536229 , -0.364612
-0.2661387 , 1.576933 , -0.04731375
-0.7335016 , 1.634578 , 0.1005095
-0.5352831 , 2.017744 , -0.1875953
0.9215464 , 1.730065 , -0.1372044
0.2495427 , 0.06226482 , 0.9365141
0.1854879 , -0.2976144 , 1.102224
0.137436 , -1.95694 , 1.449535
0.6370434 , -1.390746 , 1.467077
0.3162235 , -0.571673 , 0.8535791
-0.6958094 , 0.5286443 , -2.555796
0.1241764 , -0.3634539 , -0.8311073
0.1458976 , -0.1006743 , 2.296982
0.729992 , -0.2962354 , 1.24473
0.7512856 , 0.02499733 , 1.935375
-1.396265 , 0.922869 , -0.3030936
0.5987361 , 1.27375 , 0.5196603
0.2837803 , 1.958402 , -0.3780321
-0.7367466 , 1.065454 , -1.0423
0.006269733 , 0.01156871 , -1.042506
0.8662943 , -0.8653989 , -1.161886
0.7962739 , -0.4036966 , -1.526932
0.6291853 , -0.4306248 , -1.008281
-0.06005091 , -1.013777 , -0.1601577
0.07768498 , -0.5653879 , -0.3889622
0.1715252 , 0.8293443 , -0.3277586
-1.251271 , 1.85985 , -0.403301
-1.151492 , 1.942976 , 0.06151703
0.3442832 , 1.580558 , -0.270106
0.2789279 , 0.5780361 , 0.5404888
0.2620821 , 0.1213829 , 0.8038903
0.2647878 , -1.49755 , 1.220894
0.4840209 , -1.938144 , 1.432387
0.7323663 , -0.7809631 , 0.6941576
-0.2712059 , -0.1122928 , -0.6202407
-0.6738454 , 0.6440359 , -2.696438
0.8474789 , -1.053603 , 1.884376
-0.9210953 , 0.3081716 , 0.3906747
1.275108 , 0.6606724 , 3.034133
0.05918671 , -0.2943172 , 0.8159657
-0.4765263 , 1.291218 , 0.5171037
0.8617377 , 1.781837 , -0.08871381
0.9045745 , 2.009971 , -0.2942833
-0.7195141 , 0.5232501 , -1.28824
-0.1539491 , -0.1813811 , -0.9548292
0.7442724 , -0.9307689 , -1.016739
1.206579 , -0.06415304 , -1.402337
-0.3587425 , -0.857053 , -0.6572862
-0.3111291 , -0.9957826 , -0.274827
0.5626402 , 0.2695512 , -0.3707497
-0.2796012 , 1.648852 , -0.09471385
-0.814617 , 2.027384 , -0.2170834
-0.2898938 , 1.869916 , 0.001529273
0.364819 , 1.123432 , 0.07693154
0.6066136 , 1.064457 , 0.2150389
0.2609395 , -0.8105166 , 0.9465982
0.2349164 , -2.043169 , 1.368749
0.5684786 , -1.842631 , 1.287226
0.5358443 , -0.7353041 , 0.7684395
-0.65499 , 0.583741 , -2.17748
-0.3646953 , 0.1265119 , -0.9623404
0.06386613 , -0.2590049 , 2.504626
1.154944 , -0.9412463 , 1.840461
0.821616 , -0.3440117 , 2.308441
-1.669016 , 1.071775 , -0.4747052
0.7274781 , 1.519777 , 0.8516716
0.9123078 , 2.399804 , -0.464436
-0.8779501 , 0.8945302 , -1.329592
-0.6119719 , 0.2829292 , -1.175787
0.8272728 , -0.7041914 , -0.988883
0.7117477 , -0.1632868 , -2.229711
0.4821908 , -0.4513895 , -0.6786867
-0.3027708 , -0.9484047 , -0.2799923
0.3149417 , -0.516066 , -0.328806
0.3318006 , 0.8034565 , -0.3665493
0.2539543 , 1.740505 , -0.1887328
-0.87876 , 1.69157 , -0.09479246
-0.2260428 , 1.579657 , -0.1050386
0.8335075 , 1.198594 , 0.1919514
0.2141447 , -0.3835988 , 1.062671
0.1381454 , -0.903289 , 1.08725
0.0424137 , -2.227305 , 1.34295
0.7192345 , -1.306051 , 1.154898
0.124059 , -0.5000916 , 0.3189209
-0.5818329 , 0.6140018 , -2.5606
0.7398956 , -0.8815348 , 1.428728
-0.6553022 , 0.79478 , 0.8174641
-0.6190861 , 1.44543 , -1.090127
-0.08566072 , 0.08368525 , 1.27593
-1.227094 , 0.9841806 , 0.1089935
0.3469123 , 1.210945 , 0.9900391
0.8740802 , 2.269521 , -0.7287456
-0.6563335 , 0.997081 , -1.525798
-0.2153157 , 0.1381765 , -1.225029
0.7554832 , -0.6884922 , -1.129202
1.255332 , 0.003143851 , -1.182485
0.3422444 , -0.5810679 , -1.011175
-0.2129213 , -0.8413927 , -0.5505107
0.5096546 , 0.4593585 , -0.3548763
0.190957 , 0.9732042 , -0.0940363
-0.8329579 , 1.864503 , -0.161858
-0.18485 , 2.256742 , -0.2696849
0.7263895 , 1.0875 , -0.0814596
0.6123174 , 0.5434787 , 0.6453527
0.1076801 , -0.7089726 , 1.155116
0.2156882 , -1.930558 , 1.465115
0.5110531 , -2.010665 , 1.758618
-0.0739774 , -0.3562 , -0.1282917
-0.3483656 , 0.4062243 , -2.027286
-0.1462322 , -0.1360854 , -0.747182
-0.7125114 , 1.15681 , 1.669922
0.3331477 , -0.747013 , 0.9780725
0.2651926 , 0.1282952 , 1.546257
-1.584646 , 1.440323 , -0.5026106
0.6025078 , 1.694234 , 0.4448599
0.77626 , 2.071956 , -0.5210457
-0.8345259 , 0.8191456 , -1.495321
-0.6092419 , 0.0796717 , -1.157253
0.9041878 , -0.1545075 , -1.987778
0.6320305 , -0.3201886 , -1.178219
0.1568022 , -0.5812774 , -1.069386
0.2693776 , -0.767038 , -0.5373944
0.7777645 , 0.5824173 , -0.3394812
-0.4098479 , 1.467019 , -0.005807487
-1.072267 , 1.586006 , -0.2198436
-0.4630066 , 2.298401 , 0.1768791
0.7762762 , 1.55003 , -0.2205615
0.5396041 , 0.3370697 , 0.8956532
0.1557166 , -0.7916474 , 1.290906
0.1666963 , -1.789552 , 1.362656
0.703335 , -1.317796 , 1.152143
0.2005644 , -0.3938441 , 0.4672587
-0.3394406 , 0.08877233 , -0.8268893
-0.7591105 , 0.3715245 , -1.352312
-0.514232 , 0.2448929 , 2.675951
-0.1903716 , 0.3992642 , 0.1075938
1.470414 , -0.4452574 , 2.605595
-0.8124966 , 0.7661399 , -0.1607383
0.2629316 , 1.251593 , 0.7047275
0.6441582 , 1.682564 , 0.02623668
-0.7037784 , 0.822226 , -1.335907
-0.8206858 , 0.6081854 , -1.17457
0.7351149 , -0.946771 , -1.063752
0.9968837 , 0.04409624 , -1.918539
0.212156 , -0.4585582 , -1.198393
-0.06948615 , -0.9356084 , -0.2645014
0.2714499 , -0.5676312 , -0.517978
0.4669678 , 0.9194945 , -0.1470144
-0.8075342 , 2.091475 , -0.06867347
-0.9346954 , 1.527995 , 0.07759934
-0.1052303 , 1.752554 , 0.2254204
0.9580706 , 0.9678233 , 0.1951708
0.5247646 , 0.04280869 , 0.9506127
0.2727981 , -0.9559075 , 0.8830531
-0.0890044 , -2.302317 , 1.367721
0.4658833 , -1.271932 , 1.261756
0.2995957 , -0.5257674 , 0.8669713
-0.7273026 , 0.8120991 , -3.290475
0.3189639 , -0.8364612 , 0.1933232
0.7411216 , -0.773249 , 2.690479
0.6749333 , 0.02855351 , 1.945472
0.3908752 , -0.588222 , 1.843032
-1.090011 , 0.7597714 , 0.8099534
1.033862 , 2.251176 , -0.1798799
0.09885415 , 1.141456 , -0.7352939
-0.3884121 , 0.8624157 , -0.8353317
0.003420081 , -0.4064758 , -1.010582
0.5102485 , -0.7630355 , -1.241406
1.017331 , -0.259045 , -1.418469
-0.5556123 , -0.8017985 , -0.9069304
-0.09850156 , -0.9655585 , -0.3771403
0.6437378 , 0.09515651 , -0.2654291
0.6513092 , 1.337313 , -0.01035115
-1.121721 , 1.396676 , -0.3191979
-1.233882 , 2.371691 , 0.03994917
0.8728202 , 1.296129 , -0.1899673
0.4459228 , 0.4313045 , 0.7375523
0.1790077 , -0.2755372 , 1.273844
-0.05316382 , -1.64189 , 1.199374
0.1319883 , -2.113342 , 1.023929
0.4907988 , -0.6444379 , 0.722865
0.1898775 , 0.07307321 , -1.094863
-1.279469 , 1.058976 , -2.358947
0.3892026 , -0.5752655 , 2.237172
-1.792632 , 1.884848 , -0.06213787
1.410025 , -0.0753293 , 1.415428
0.9802476 , 0.3231134 , 0.6479887
0.9318621 , 1.201177 , 0.3627918
0.1837759 , 0.9465832 , 0.04830211
0.08720664 , 1.563352 , -0.206985
-0.7066795 , 0.4610888 , -0.9463742
-0.2717701 , -0.4302784 , -1.100253
0.6013414 , -0.7080723 , -1.337095
1.168419 , -0.04460308 , -1.189008
-0.1958573 , -0.6615852 , -0.763745
-0.3860627 , -1.027859 , -0.3698167
0.5712692 , 0.2494488 , -0.3393924
0.715429 , 1.875732 , -0.0443918
0.2589325 , 1.746936 , -0.1299046
0.3413623 , 2.025655 , 0.04596307
0.9473743 , 1.965977 , 0.008543011
0.4341708 , 1.443786 , 0.7080061
0.05568264 , -0.6747751 , 1.265423
0.04447411 , -1.639843 , 1.090726
0.2356943 , -1.989208 , 1.341135
0.488268 , -0.9727635 , 0.664826
-0.2122721 , 0.06275454 , -1.458033
-0.0614312 , 0.7128879 , -1.914397
-0.8320995 , 1.450514 , 0.8404166
-0.7649997 , -0.8951765 , 1.244812
1.48428 , -1.941746 , 3.299396
0.01429146 , 1.648706 , -0.09992901
1.354067 , 1.521363 , 0.3356867
0.3044293 , 1.228804 , 0.274024
-0.9243166 , 1.399179 , -1.247774
-0.8978536 , 0.2393091 , -1.24174
0.1771273 , -0.5540062 , -1.097976
0.6460751 , -0.5560119 , -1.77821
1.054995 , -0.3974822 , -0.7894228
-0.08463997 , -0.8691877 , -0.2837608
0.04455927 , -0.05431938 , -0.2403193
0.3111846 , 0.9178872 , -0.05845721
-0.8833848 , 1.744676 , 0.1008122
-0.5225559 , 2.603966 , -0.1080079
0.65133 , 1.844985 , -0.3054568
0.473138 , 0.7520308 , 0.871527
0.2316932 , -0.2779581 , 1.341786
0.2026935 , -1.368152 , 1.44782
0.2194686 , -2.199914 , 1.190831
-0.06072216 , -0.5002598 , 0.1800425
-1.514624 , 1.33414 , -3.661831
-1.885208 , 1.525467 , -2.579683
1.416991 , -1.340389 , 3.666834
-2.721678 , 2.487047 , -1.131054
0.1959007 , 0.6422086 , 1.248069
0.7284024 , 0.09182502 , 1.196477
-0.08167835 , 1.967223 , -0.7988138
0.702172 , 1.307276 , 0.215094
0.1635355 , 1.527515 , -0.1966857
-1.036541 , 0.9382223 , -0.6100291
-1.197337 , 0.02609304 , -1.000636
0.4534388 , -0.7019435 , -0.9273537
1.09071 , -0.2196697 , -1.796895
0.884654 , -0.1812434 , -0.8523265
-0.4345009 , -1.158624 , -0.004707171
0.2869392 , -0.5800968 , -0.1663464
0.7975412 , 0.5739518 , -0.4556724
0.4165396 , 1.996196 , -0.112563
-0.5751555 , 2.036869 , -0.06149372
0.7611417 , 1.839907 , -0.4637319
0.6907488 , 1.51203 , 0.5566972
0.09076592 , -0.05960659 , 1.337086
0.04457061 , -1.025828 , 1.218288
0.1547852 , -1.849746 , 1.202096
0.5518981 , -0.596247 , 0.7724714
0.2914059 , -0.5509963 , 0.4545306
-0.5551564 , 0.7601128 , -2.323152
0.2312685 , 1.932858 , 2.915778
-0.8118955 , -1.507792 , 0.6336613
0.9061515 , -1.843788 , 2.719856
1.142755 , 1.364273 , 0.9160756
1.035483 , 1.431296 , 0.5257997
0.3704094 , 1.450276 , 0.4619904
-0.6223499 , 1.426764 , -0.6789308
-1.139575 , 0.1515565 , -1.032782
0.3305224 , -0.7964379 , -0.7393312
0.6877345 , -0.09655225 , -1.882893
1.226904 , 0.0004040498 , -1.488886
-0.1248141 , -1.123225 , -0.1089406
0.4008012 , -0.7739766 , -0.1561249
0.7463139 , 0.8940069 , -0.3892758
-0.671641 , 2.81846 , 0.3903772
-0.7490661 , 2.174874 , 0.2184645
0.7635176 , 1.783569 , -0.1088517
0.3978732 , 0.6398853 , 1.114577
0.240675 , -0.5428007 , 1.451877
0.04399536 , -0.9499164 , 1.289323
0.67878 , -1.773033 , 1.568452
0.4623551 , -0.6475208 , 0.8059748
0.08733457 , -0.4888087 , 0.2731684
0.2300622 , 0.4331787 , -0.9608109
0.7295476 , 0.1490881 , 1.62661
-1.075098 , 0.9342405 , 1.531386
0.1356515 , -1.671296 , 1.728391
0.3782329 , 1.237207 , 0.6397457
0.7534263 , 1.634028 , -0.03194921
0.8265213 , 1.091368 , 0.1712288
-0.3530591 , 1.199351 , -0.5624534
-0.9190579 , 0.6409855 , -1.051502
-0.4915197 , -0.623576 , -0.9753463
0.3552769 , -0.7390805 , -1.370847
0.999212 , 0.08210606 , -2.062462
-0.4673559 , -0.8977702 , -0.5484279
-0.09399077 , -0.9109442 , -0.3726412
0.6411754 , 0.3716472 , -0.4572845
0.0723763 , 2.096443 , 0.07364894
-0.2352675 , 1.414704 , 0.1980838
-0.4504916 , 1.993427 , 0.2219274
0.7427197 , 1.336196 , 0.3397869
0.4968415 , 0.1999611 , 1.080387
0.2640496 , -0.6694879 , 1.275395
0.01294522 , -1.742028 , 1.522643
0.1586541 , -1.558932 , 1.454111
0.0822681 , -0.7622978 , 0.880411
-0.5089619 , 0.5211027 , -2.3762
0.0312438 , -0.0119602 , -1.220856
0.4396689 , 2.09682 , 0.9854658
0.4502158 , -1.358989 , 1.574326
0.3039674 , 0.0002958283 , 2.030862
-1.150059 , 1.655744 , 0.2302666
0.8811877 , 1.835292 , 0.464659
0.838277 , 1.449955 , -0.609832
-0.5784347 , 0.8690879 , -0.7549864
-0.3467456 , -0.3162017 , -1.079622
0.368929 , -0.9897937 , -0.8458021
0.7097301 , -0.09898324 , -2.082875
-0.1657764 , -0.8283362 , -0.8011429
-0.3698945 , -0.9788594 , -0.2342025
0.2947058 , -0.1464636 , -0.1673303
0.4565808 , 1.014541 , 0.05462407
-0.9467722 , 1.836378 , -0.01722623
-0.7947297 , 2.329005 , 0.2574137
0.8774027 , 1.613998 , -0.06544868
0.3244042 , 0.2067135 , 1.123517
0.1417175 , -0.4642306 , 1.386877
0.04377848 , -1.809792 , 1.402305
0.4691876 , -1.675321 , 1.241239
0.3027995 , -0.5784986 , 0.7417051
-0.2365148 , 0.375746 , -1.651828
-0.6059711 , -0.02769005 , -0.6351594
-0.5998582 , 0.5607265 , 2.509664
-0.2345929 , 0.4609667 , 0.7124279
0.2592089 , -0.04641027 , 1.400461
-0.9390152 , 0.8908026 , 0.1922834
0.6184089 , 1.258356 , 1.069053
0.9991173 , 2.527857 , -0.288782
-0.1416702 , 1.174635 , -0.7526858
-0.8624122 , 0.01016744 , -1.019463
0.4941136 , -0.7442862 , -0.7613644
0.4001417 , -0.3128875 , -2.03006
0.5849833 , -0.6068377 , -0.5839418
-0.3181575 , -1.078833 , -0.4626982
-0.2298903 , -0.9378155 , -0.3745705
0.2678882 , 1.48194 , -0.08686876
-0.7636306 , 2.37306 , 0.3050537
-0.5680255 , 1.532074 , 0.1332328
0.7093172 , 1.460027 , 0.1285157
0.8525429 , 0.8573175 , 0.4197989
0.3167512 , 0.03784518 , 1.113891
-0.03023697 , -1.285902 , 1.3175
-0.1405206 , -2.283007 , 1.472557
0.5518965 , -1.221744 , 1.317606
-0.2032278 , -0.1866302 , -0.4559867
-0.6114896 , 0.8990881 , -2.93206
0.09380916 , -0.3503571 , 0.3271187
-0.3874852 , 1.469911 , 0.4914135
0.6972347 , -1.723927 , 2.392876
0.324008 , -0.4315881 , 2.427169
-0.8575495 , 1.838223 , -0.1316311
1.261278 , 1.930342 , 0.2699101
0.7662647 , 1.511304 , -0.6589708
-1.016807 , 0.8438521 , -1.228853
-0.3394543 , -0.2985671 , -1.011857
0.4623283 , -0.9995444 , -1.030978
0.8984874 , -0.01692254 , -1.986236
-0.558633 , -1.066927 , -0.2971173
-0.4875094 , -1.027068 , -0.2622768
0.2986615 , 0.2693812 , -0.1727716
-0.8902894 , 2.719015 , 0.0002955623
-0.4898181 , 1.591306 , 0.04076233
-0.3581955 , 2.143583 , -0.006776765
1.242352 , 1.669507 , 0.1420819
0.4909271 , 0.2547 , 1.04268
0.1339069 , -0.8008194 , 1.498524
-0.05352669 , -2.174257 , 1.235611
0.7524996 , -1.579946 , 1.54023
-0.2717859 , -0.3785405 , 0.06687646
-0.903037 , 0.7538024 , -2.507779
-0.6359849 , 0.918602 , -2.844717
-0.2733457 , 1.510914 , 1.689961
0.9037234 , -2.063214 , 2.069428
1.037775 , -0.3234107 , 2.95929
0.2420235 , 1.627799 , 0.1726105
0.5693468 , 1.129055 , 0.6032073
0.9382221 , 1.738199 , -0.5825927
-0.8542134 , 0.7560145 , -1.307811
-0.4077213 , -0.07381099 , -1.088242
0.2176838 , -0.8789965 , -0.8895698
0.3997327 , -0.6030968 , -0.7768697
-0.4083086 , -1.179538 , -0.3854993
-0.373481 , -1.195521 , -0.22042
0.753531 , 0.8857232 , -0.176066
-0.9623212 , 2.325028 , 0.2202441
-0.96968 , 1.640187 , -0.1938174
-0.1117005 , 2.204222 , 0.5406139
1.19091 , 1.452703 , -0.009392247
0.8241541 , 0.4403188 , 0.9988577
0.2513096 , -0.5816987 , 1.487628
-0.1045914 , -2.221232 , 1.451316
0.4632795 , -2.026733 , 1.761508
-0.05187155 , -0.3805998 , 0.3171903
-1.177312 , 1.439829 , -3.055956
-0.4627728 , 0.4999682 , -0.7844016
1.297758 , -2.137414 , 3.436988
-2.383589 , 4.096763 , -2.76617
1.16949 , -0.2363904 , 1.838104
-0.7683747 , -0.2046807 , 0.9335069
-0.5541748 , 0.9668346 , 0.7198387
1.235713 , 3.095646 , -0.1399399
0.2506242 , 1.207088 , -0.9064712
-0.8438045 , -0.2713234 , -1.207746
0.09657054 , -1.069249 , -0.8333129
0.9244519 , -0.09293163 , -2.049818
0.189242 , -0.6927934 , -0.7907837
-0.4976029 , -1.12376 , 0.005429298
-0.04891958 , -0.3899488 , -0.5071484
0.4098582 , 1.072414 , -0.1776769
-0.7453481 , 2.260745 , -0.04353359
-0.8652691 , 2.195847 , 0.3711694
0.02855122 , 1.758802 , 0.024266
1.02269 , 0.9916755 , 0.2591804
0.3584217 , -0.4241996 , 1.237998
-0.0552078 , -1.204419 , 1.328806
-0.04423807 , -1.998729 , 1.454697
0.6885058 , -0.5684918 , 1.15401
-0.524287 , 0.06839393 , -1.092866
-1.024954 , 0.4056226 , -2.591349
0.6857583 , -0.9258856 , 1.686554
-1.085863 , 1.73481 , -1.027557
1.033431 , -0.7622727 , 2.768995
-0.3483953 , 0.06658778 , 1.2616
-0.2687393 , 1.237687 , 0.6791541
1.28092 , 1.957165 , 0.762756
-0.7340772 , 1.048486 , -1.174218
-0.7988135 , -0.09819546 , -0.9918071
-0.5442055 , -0.4248653 , -0.8800513
0.4077459 , -0.1413022 , -1.718313
0.09062037 , -0.72912 , -1.130751
-0.333073 , -1.180592 , -0.09342191
0.04934165 , -0.9497609 , -0.3195698
1.031285 , 1.282375 , -0.2541158
-0.3410735 , 2.454271 , 0.2999073
-1.52635 , 1.991984 , -0.5031191
0.3905891 , 2.245638 , 0.2542264
1.005228 , 0.9686986 , -0.04048465
0.2455406 , 0.06057282 , 0.9344582
-0.08065613 , -0.8520837 , 1.36865
-0.2800841 , -2.167871 , 1.395554
0.5928903 , -1.642095 , 1.507586
0.1243028 , -0.5735871 , 0.5631853
-0.9016043 , 1.077476 , -3.313568
-0.0553848 , 0.1004429 , -0.8730513
0.1622676 , 2.30081 , 2.364144
0.3137447 , -1.365041 , 1.855217
0.8808816 , -0.01732362 , 2.11955
-0.1065121 , 1.804811 , -0.1931794
0.7165833 , 1.262906 , 0.7507211
-0.2149966 , 1.374594 , -1.00818
-0.7686504 , 0.6097834 , -1.302192
-0.6198447 , -0.1459585 , -0.8042071
0.07460244 , -0.8151158 , -1.412476
1.031353 , -0.1696221 , -1.44952
-0.07925306 , -0.7941648 , -0.7854458
-0.338586 , -0.8783266 , -0.3149157
0.02150279 , -0.3429947 , -0.18856
0.7665124 , 0.7361905 , -0.2298763
0.1867907 , 1.016476 , 0.04759011
-0.331419 , 2.1465 , 0.1450309
0.7823288 , 1.837062 , -0.1497273
0.9265831 , 1.009836 , 0.6672686
0.06501418 , -0.4818965 , 1.164218
-0.04360157 , -1.06429 , 1.126499
-0.2589382 , -2.081374 , 1.17824
0.4714752 , -0.6668332 , 1.210111
-0.03304492 , 0.07592002 , -0.7037452
-0.9383817 , 2.145475 , -3.1901
0.9713433 , -0.9550024 , -0.4023395
-0.3315682 , 0.5737897 , 1.948069
1.917302 , -0.5820622 , 2.827536
0.4499967 , 1.788413 , 0.4266032
0.4997778 , 1.857455 , -0.4063675
0.9686493 , 1.246968 , 0.1634035
-0.5025151 , 1.387233 , -0.5301205
-0.9976866 , 0.4329695 , -0.983791
0.003808104 , -0.4834314 , -0.9743152
0.2905178 , -0.3429443 , -1.844572
0.8060968 , -0.6235846 , -0.5860309
-0.0648939 , -0.9759747 , -0.3819267
0.2334318 , -0.9159241 , -0.1888697
0.7278069 , 0.3526079 , -0.4597133
-0.4177518 , 2.447737 , -0.1081482
0.07990739 , 2.502906 , 0.08021703
0.819211 , 2.36272 , -0.04122826
1.105276 , 1.033952 , 0.7820507
0.4430251 , 0.2399772 , 1.403087
-0.2877713 , -1.008781 , 1.730518
-0.04726332 , -2.255512 , 1.616671
0.7436737 , -1.045876 , 1.297635
-0.2082146 , -0.2788913 , -0.3739676
-0.4105829 , 0.7369706 , -2.010091
2.264487 , -1.687209 , 3.821869
0.4713054 , -0.06786899 , 2.194278
1.356973 , -2.134346 , 2.71669
0.1002658 , 0.3593889 , 0.9698038
-0.3505356 , 2.632972 , -0.6761224
1.954128 , 1.298506 , -0.07381317
-0.8329397 , 1.169665 , -1.137355
-0.8925056 , 0.3567832 , -1.069534
-0.4832326 , -0.7538272 , -0.7748487
0.6329045 , -0.171607 , -2.1723
0.8342221 , -0.5261168 , -0.6254678
-0.3368126 , -0.9339243 , -0.1643099
0.1165207 , -0.2813497 , -0.3502836
0.4904919 , 0.8409595 , -0.6841257
-0.3027216 , 2.118468 , 0.3572502
-0.7758651 , 2.20292 , -0.06615623
0.7845482 , 0.3404155 , 1.003502
0.4404725 , -0.1205126 , 1.168032
0.4404725 , -0.1205126 , 1.168032
0.03885003 , -1.220665 , 1.315332
0.02655237 , -1.956714 , 1.207285
0.3328236 , -0.643169 , 0.7949082
-0.2414021 , 0.6787146 , -1.358941
-0.1009933 , 1.682088 , 0.9742578
0.8597316 , 1.531228 , 2.456481
0.8597316 , 1.531228 , 2.456481
1.526546 , -1.21736 , 1.791509
0.7770843 , 1.484826 , 0.6209971
0.7648724 , 1.526917 , -0.2218397
0.1665717 , 1.191481 , 0.4315507
0.2548338 , 1.90545 , -0.1404584
-0.6220627 , 0.8900266 , -1.194059
-0.3192502 , -1.072457 , -0.9317594
0.4552295 , -0.3857728 , -1.44044
0.9807918 , -0.1905897 , -1.678489
-0.5770805 , -0.9210861 , -0.6361282
-0.156485 , -0.8971575 , 0.000390931
0.7347499 , -0.3523583 , 0.01473701
0.3652594 , 1.929729 , -0.1986074
0.3056894 , 1.721259 , -0.4225175
-0.2493868 , 2.081246 , 0.2536886
1.519527 , 1.910191 , -0.2009273
0.4957077 , 0.9438678 , 1.011712
0.02043531 , -0.312001 , 1.466361
-0.07253389 , -1.172656 , 1.206356
0.8738321 , -1.529386 , 1.333545
0.8322157 , -0.9665923 , 1.418555
-0.7854319 , 1.37822 , -4.084407
0.6286537 , -0.3913308 , -0.6746925
0.309155 , 1.4579 , 2.461701
-0.4528625 , -1.06166 , 0.82527
2.24609 , 0.4915164 , 1.705824
0.8388467 , 2.86337 , -0.4645626
1.189011 , 0.9758235 , 0.3521255
0.3987843 , 1.349085 , 0.4002815
-1.437967 , 1.052859 , -1.527685
-0.5905482 , -0.3753991 , -0.664287
0.2764626 , -1.153563 , -0.962741
0.6569952 , 0.01985493 , -2.51544
0.3914625 , -0.8589941 , -0.6220429
-0.2298039 , -1.068977 , -0.1960321
0.09930687 , -0.806817 , -0.07607117
0.2953296 , 1.874753 , -0.5282416
0.5374584 , 1.551613 , -0.1334598
-0.2141746 , 2.159681 , 0.2234769
2.11172 , 2.169173 , 0.3130321
0.4989446 , 0.2003776 , 1.227972
0.3680724 , -0.2214092 , 1.38675
-0.4095186 , -1.699142 , 1.147235
0.2492173 , -1.503317 , 1.266742
0.3888064 , -1.052339 , 1.036754
-0.1555688 , 0.8151475 , -2.930745
1.075628 , -0.664983 , -0.2854076
0.1802081 , 0.6613346 , 2.850986
-1.526694 , -0.5654951 , -0.4175993
1.705042 , -0.6998339 , 2.824642
0.3195985 , 1.707329 , 0.2374731
1.32427 , 1.619107 , 0.6193713
0.483921 , 1.709297 , 0.1154471
-0.8692842 , 1.622905 , -1.223541
-0.8960905 , 0.2742893 , -1.362568
0.2634279 , -0.953926 , -1.334449
0.5595616 , -0.2345367 , -2.208783
0.3703399 , -0.6502112 , -0.6098582
-0.290806 , -1.061494 , -0.1106616
0.1130065 , -0.7972748 , -0.4400146
0.5158708 , 0.7421355 , -0.5023654
-0.2723986 , 2.158338 , 0.04765506
-0.2723986 , 2.158338 , 0.04765506
0.5554106 , 1.861666 , -0.1907359
0.5139952 , 0.08606271 , 1.00028
0.392282 , -0.1760421 , 1.203301
-0.1599422 , -1.721072 , 1.167726
0.1378254 , -1.930404 , 1.421499
0.5279784 , -0.6398714 , 1.272662
-0.275399 , 0.4307082 , -1.71596
-1.076984 , 0.9333568 , -2.259641
0.2381396 , -0.2382258 , 3.434249
-0.6464269 , 0.4869561 , 0.298158
1.277525 , -0.3309329 , 2.034605
-0.7654196 , 0.9416131 , 0.1121948
0.6374762 , 1.267872 , 0.9391609
1.152261 , 2.194381 , -0.2547504
0.3575909 , 1.402175 , -0.8467907
-0.8984237 , 0.06078758 , -1.294261
0.3973183 , -0.8738302 , -0.8004179
0.2573285 , -0.6022602 , -1.553792
0.1863068 , -0.610962 , -0.7334945
-0.3766276 , -1.151053 , 0.007627786
-0.1221232 , -0.9012547 , -0.5481209
0.740114 , 1.149108 , -0.5578521
0.1302307 , 2.022204 , -0.09855849
-0.5626588 , 2.029309 , -0.166391
0.957362 , 1.219767 , 0.006391349
0.8798233 , 0.6839865 , 0.7612563
0.636562 , 0.2884619 , 0.9806476
-0.08077208 , -1.660538 , 1.280225
0.198075 , -2.043163 , 1.556174
0.5765741 , -1.132016 , 1.193333
-0.1574159 , -0.3828474 , -0.3329093
-0.3170297 , 0.5647393 , -2.070459
0.5119801 , -0.2741078 , 1.335736
-0.8020296 , 0.2197659 , 0.03393471
0.9403661 , -0.1844565 , 2.498368
-0.02834696 , 0.5565332 , 0.8189938
0.186985 , 1.333128 , 0.5712044
1.330786 , 2.291835 , -0.4661759
0.4824351 , 1.324048 , -1.099758
-0.6026463 , 0.3953654 , -1.324096
-0.1932482 , -0.9658605 , -0.9261092
0.6791863 , -0.1113353 , -2.102535
0.1952061 , -0.5416127 , -0.7516556
-0.3237001 , -0.895745 , -0.521113
0.2889909 , -0.7404714 , -0.6022545
0.3022619 , 0.1124881 , -0.1462976
-0.7704107 , 3.514718 , 0.1533422
-0.3417305 , 1.958875 , -0.2330723
0.4885918 , 1.369739 , 0.2569066
0.9448596 , 0.6057381 , 0.3024566
0.8177658 , 0.2733762 , 0.985238
-0.08126318 , -1.11889 , 1.159183
-0.06598757 , -2.00162 , 1.134481
0.4734347 , -1.646462 , 1.070003
0.0597741 , -0.3563205 , 0.07263277
-0.8517029 , 1.105617 , -2.856342
-0.5015755 , -0.01420845 , -0.2665292
0.1406229 , 0.4103609 , 0.8374625
1.308486 , 0.5014642 , 1.882199
1.345995 , 0.07125737 , 2.03689
-0.8475794 , 0.6896504 , 0.3175975
0.6749146 , 1.425247 , 1.001321
2.095423 , 2.441974 , -0.7849903
-0.9601825 , 0.980439 , -1.412973
-0.9053985 , -0.009910391 , -1.112547
0.3078104 , -0.9767669 , -0.9946517
0.8762819 , -0.2272734 , -2.143862
-0.1039806 , -0.7797657 , -0.8404424
-0.5978838 , -1.036963 , 0.1333113
0.1141445 , 0.2437544 , -0.4622051
-0.7448916 , 2.018121 , -0.2872173
-0.7372114 , 2.019928 , -0.234908
-0.06640949 , 2.843842 , -0.06449784
1.119515 , 1.014331 , 0.1334183
0.8806351 , 0.6195 , 0.7353253
-0.02373815 , -0.7344568 , 1.196813
-0.09055142 , -2.131944 , 0.9153485
0.3677996 , -1.771644 , 1.307969
0.2746544 , -0.4864263 , 0.6845917
-0.620578 , 0.8427154 , -2.527716
-0.536432 , 0.05494156 , -0.6487349
-0.04198553 , -0.7832088 , 2.994261
-1.261487 , 0.8627679 , -1.688172
1.843766 , 0.149892 , 2.837375
-0.7782083 , 0.6176645 , 0.6221471
0.4068339 , 1.344735 , 0.7060108
1.430204 , 2.029299 , -0.4764781
-0.564492 , 1.205945 , -0.8683915
-0.5747185 , 0.4747274 , -1.359626
-0.1882108 , -0.8145821 , -1.079539
0.3341891 , -0.09613276 , -2.243335
-0.5295458 , -0.7030271 , -0.9202181
-0.6380281 , -0.9408404 , -0.2249057
-0.01458943 , 0.002661155 , -0.4905686
0.04175296 , 1.327648 , -0.3741628
-0.5755902 , 2.166078 , -0.1809938
-0.2345149 , 2.633933 , -0.04163834
1.159745 , 1.515397 , 0.1886378
1.231302 , 0.6696334 , 0.6711834
0.137357 , -0.7333773 , 1.298507
-0.1633064 , -1.609864 , 1.251143
0.006785338 , -2.284837 , 1.160262
0.9549534 , -1.065526 , 0.892425
-0.7259485 , 0.55179 , -2.239791
-1.086101 , 0.7251821 , -2.071876
0.0008702319 , -0.1283086 , 1.837821
-0.0210305 , -0.4538662 , 0.7998217
1.097286 , -0.3358176 , 2.261553
-0.931282 , 0.9395363 , 0.2060908
1.009272 , 1.246056 , 0.7931833
1.365785 , 2.460887 , -0.4540693
-0.04696968 , 1.369699 , -1.101586
-0.8461484 , 0.1285989 , -1.249501
-0.1318578 , -1.216094 , -0.9928018
0.8815415 , -0.1436698 , -2.038529
-0.3007255 , -1.044491 , -0.1783679
-0.3705969 , -1.160298 , -0.14081
0.2964387 , -0.1789451 , -0.5222186
0.5974612 , 1.438257 , -0.2146687
-0.642759 , 1.627187 , -0.02136465
-0.7891308 , 2.15003 , 0.3924704
0.3135121 , 1.527924 , -0.07333142
1.056836 , 0.8285068 , 0.6247111
0.1451662 , -0.5704961 , 1.237977
0.02111525 , -1.39395 , 1.244505
0.4397309 , -2.177847 , 1.305794
0.3121237 , -0.5743362 , 0.6022939
-0.660255 , 0.2038975 , -2.405909
-0.7816865 , 0.8777662 , -2.723408
0.5050291 , -1.190431 , 1.422525
-1.237927 , 1.857758 , -1.270604
1.724475 , -0.7888495 , 2.564478
-0.4223231 , 0.1636568 , 0.6952627
-0.008450837 , 1.230349 , 0.4550443
0.7932854 , 1.878298 , 0.4050225
0.2422194 , 1.298944 , -1.009865
-0.4307557 , -0.06863279 , -1.06903
-0.3259254 , -0.5275732 , -0.96171
0.7950874 , -0.005862348 , -1.975442
0.2437378 , -0.5524647 , -1.067101
-0.5527278 , -0.9310167 , -0.5549163
0.2144874 , -0.1476552 , -0.4203829
0.9566766 , 1.038983 , -0.180674
-0.7400876 , 2.279756 , 0.1484322
-0.820788 , 2.06568 , -0.4091392
1.174368 , 1.744378 , -0.1687866
1.255162 , 1.145237 , 0.2946912
0.5742975 , 0.1535584 , 1.01198
-0.02513338 , -1.239914 , 1.349432
0.05410282 , -2.213057 , 1.352615
0.7952468 , -1.317505 , 1.117784
-0.3249368 , -0.1298851 , -0.7661095
-1.002373 , 1.062126 , -3.141162
-0.08763286 , -0.2093735 , -0.2545803
0.748584 , 2.330083 , 1.795188
1.26912 , -1.826784 , 1.436769
0.5891574 , 0.2697889 , 1.388284
-0.5709732 , 1.921039 , -0.3622486
0.5628748 , 0.6650857 , 0.6820975
1.173659 , 1.592617 , -1.400945
-0.8368921 , 0.837314 , -1.611819
-0.705137 , -0.04634673 , -1.203006
0.2989553 , -0.5275899 , -1.559622
1.192961 , -0.262551 , -1.835374
-0.4264107 , -0.9119376 , -0.6102172
-0.3369988 , -0.9195616 , -0.1381344
0.1029026 , -0.3764355 , -0.4391542
0.4342415 , 0.9353879 , -0.4272491
-0.17488 , 2.43049 , 0.1398036
-0.1770081 , 2.021384 , -0.4035664
1.127378 , 1.356836 , 0.1624288
0.5972866 , 0.1971481 , 0.9339315
0.1508025 , -0.6977972 , 1.18064
-0.009306003 , -1.241014 , 1.075755
0.07995973 , -1.966921 , 1.182424
0.4729138 , -0.6400663 , 0.9815775
-0.0936749 , 0.009295013 , -1.278479
-0.7776638 , 0.644309 , -0.9774356
0.6089202 , -1.311248 , 0.1552932
-0.1133382 , 1.334772 , 1.784655
0.8743006 , -0.4335556 , 1.484543
-0.3907935 , 1.331805 , -0.1925849
-0.09454925 , 1.558165 , -0.2406327
1.361474 , 1.88425 , -0.1635295
-0.5354474 , 1.331712 , -0.8871207
-0.9800246 , 0.805356 , -1.095288
-0.9776344 , -0.6330474 , -1.187502
0.2349652 , -0.3154556 , -2.101962
1.278825 , -0.38002 , -1.300871
0.08546377 , -0.8418694 , -0.5602009
0.3547159 , -0.888448 , -0.268684
0.5353351 , -0.1204962 , -0.3721738
-0.1180251 , 2.796267 , -0.3391879
-0.5981407 , 1.710823 , -0.04341134
-0.08315553 , 1.883827 , -0.4216757
1.77531 , 1.425105 , 0.3561091
0.8154618 , 0.8479497 , 0.9716873
0.2266722 , -0.2745164 , 1.409926
-0.7399235 , -1.925699 , 1.096668
0.1073902 , -1.833035 , 1.559511
-0.2881006 , -0.5753934 , 0.2546792
-0.1990871 , 0.505347 , -2.153837
-0.01992222 , 0.4566965 , -1.625532
0.5320011 , 0.686855 , 2.75101
-0.9018861 , -1.287465 , -0.005775619
1.510891 , -0.3831932 , 1.478799
1.772513 , 0.4343136 , 1.024853
1.084894 , 1.186643 , 0.4840521
0.1370155 , 1.702785 , 0.1297812
-0.8664105 , 1.253322 , -1.302572
-1.304001 , -0.1883478 , -1.320713
0.2801797 , -1.073515 , -1.102346
0.6905918 , -0.2967077 , -2.052368
0.02225112 , -0.6872993 , -1.023786
-0.1973237 , -1.059008 , -0.2725609
0.3757555 , -0.09843866 , -0.2007519
-0.5289656 , 2.044685 , 0.4147678
-1.002818 , 1.67915 , -1.197142
-0.4700411 , 2.46549 , 0.05890666
1.394376 , 1.675455 , 0.0699379
0.5819791 , 0.3980562 , 1.208393
0.2976267 , -0.809799 , 1.470172
-0.2889268 , -2.182662 , 1.518129
0.591749 , -1.640647 , 1.399683
0.01953297 , -0.6912944 , 0.1849373
-0.9398636 , 0.8898396 , -1.539207
0.4439314 , 0.6650802 , -0.563483
0.3011609 , 2.111207 , 2.214977
-0.3812413 , -1.568616 , 1.602184
1.822817 , 1.229017 , 0.9898544
0.3703256 , 2.631436 , -0.7364045
0.2606059 , 0.6803997 , 0.1400189
0.2081503 , 1.622628 , -0.2170954
-0.8629496 , 0.6545416 , -1.009086
-0.9157779 , -0.08180986 , -0.9193327
0.02289317 , -1.309165 , -0.9042299
1.0058 , -0.006164646 , -1.901047
-0.5084766 , -0.5665041 , -1.087752
-0.5362439 , -1.142878 , -0.1351405
0.3147138 , -0.4447919 , -0.1630248
0.6908436 , 1.726324 , -0.3428033
0.3704535 , 1.544539 , -0.1428227
-0.3431625 , 1.89544 , -0.1955132
2.12023 , 2.388452 , -0.2118325
0.9894156 , 1.163872 , 1.015177
0.3208313 , -0.2998816 , 1.581809
-0.304788 , -1.551624 , 1.579107
-0.3033569 , -2.000391 , 1.655401
0.04333411 , -0.9868198 , 1.328346
-0.4619145 , 0.7264179 , -2.462026
1.042588 , -0.7953404 , -0.1691867
1.707926 , -1.054587 , 1.243119
-0.5216093 , -0.7965419 , 1.08174
1.279298 , -1.195095 , 2.412955
0.860365 , 0.7519748 , 0.8218254
1.680675 , 1.723303 , 0.5666255
0.6600029 , 1.36058 , 0.2371489
-1.294655 , 1.668374 , -1.176864
-2.362473 , 0.4764446 , -1.091398
0.8246409 , -0.9800689 , -1.239928
0.9775339 , -0.233004 , -2.168712
0.1105592 , -0.566893 , -0.6627532
-0.3150043 , -1.024785 , -0.2446247
-0.005238548 , -0.4812899 , -0.4195683
0.2955528 , 1.22095 , -0.03250057
0.2057049 , 1.785685 , -0.1432225
0.1851364 , 2.325045 , 0.2210426
0.8348494 , 1.635377 , -0.09926862
0.6927735 , 0.8271873 , 1.057645
0.3193797 , -0.4315924 , 1.442819
0.03585305 , -1.292993 , 1.362369
0.8104569 , -1.288604 , 1.198459
0.8079169 , -0.8339077 , 1.028627
-1.025722 , 0.9045514 , -2.492491
-0.01435868 , 0.2433694 , -0.6856105
-0.2093529 , 1.412539 , 1.132478
-0.2087773 , -1.604155 , 1.925694
0.7795143 , -0.8395893 , 2.158155
0.007529777 , 2.650772 , 0.2149304
0.8179033 , 0.782537 , 0.5610046
0.7715419 , 1.509368 , 0.3309935
-0.5113609 , 1.431487 , -0.7959764
-1.336422 , 0.175461 , -1.095423
-0.5301471 , -1.107872 , -0.827701
-0.1529664 , -0.8085986 , -1.341404
0.487927 , -0.3552307 , -1.051743
-0.4798417 , -1.083374 , -0.1534849
-0.3423395 , -1.08997 , -0.1154677
0.6946937 , 0.6941818 , -0.5083358
-0.4961434 , 2.865882 , -0.008701444
-0.3501672 , 2.109921 , 0.1388223
0.6905882 , 1.995137 , -0.4003899
1.267377 , 1.222315 , 0.5466124
0.6331742 , 0.5338129 , 1.228259
-0.3252876 , -2.009912 , 1.336242
0.3577212 , -2.229517 , 1.749004
0.7894155 , -1.848129 , 1.867734
-0.7561185 , 0.7023077 , -2.236654
-0.444366 , 0.5547335 , -1.08948
0.52018 , -0.3191254 , 0.1470954
-0.4853655 , 1.484392 , 0.4273894
1.186937 , -1.162371 , 2.595114
0.2652313 , 0.6152143 , 0.7150065
0.1784623 , 1.46996 , 0.1099635
1.144901 , 1.982818 , 0.1172414
0.3666657 , 1.224959 , -0.8070067
-0.7460755 , 0.4931414 , -1.008401
-0.228018 , -1.158333 , -0.7225575
0.01270477 , -0.5092272 , -1.462017
0.5041127 , -0.4046264 , -1.060718
-0.4009417 , -0.9140627 , -0.328934
-0.2273698 , -0.8668028 , -0.3720398
0.5752063 , 0.5539495 , -0.3187069
-0.7097265 , 2.017954 , 0.1207168
-0.9108356 , 2.565672 , -0.05265016
0.1585559 , 1.966877 , 0.2011057
1.096314 , 1.030971 , 0.9456229
0.4409595 , 0.02845629 , 1.147093
0.03372513 , -1.596652 , 1.414435
0.09580274 , -2.179289 , 1.399163
0.8436524 , -1.038426 , 1.35704
-0.2504656 , 0.2119095 , -1.117487
-1.146181 , 0.9993041 , -2.411803
0.028711 , -0.4927228 , 0.05978572
0.01147417 , 0.480176 , 1.011014
1.136586 , -0.5396802 , 1.754769
0.2681029 , 0.19626 , 0.9674475
0.1276866 , 1.102378 , 0.8118752
0.8234159 , 2.188909 , 0.3999069
1.497747 , 2.176678 , -0.7857648
-0.9846005 , 0.3393655 , -1.258372
-0.1942749 , -0.9577282 , -0.8401296
0.4590952 , -1.223446 , -1.023347
0.6517264 , -0.2290352 , -1.699104
-0.4406926 , -0.9079783 , -0.4313366
-0.2765117 , -1.108056 , -0.04228539
0.005188135 , -0.04279352 , -0.4429078
-1.165596 , 2.808567 , -0.1245427
-0.7152067 , 1.765582 , -0.1836782
0.2849936 , 2.170261 , 0.08035431
1.117554 , 0.8695949 , 0.6935225
0.9740264 , 0.5601693 , 0.9609638
0.3110688 , -1.20656 , 1.489082
0.2259288 , -2.078172 , 1.388624
1.012695 , -1.229679 , 1.4092
-0.235222 , -0.2970515 , 0.1162848
-1.350034 , 0.9456304 , -2.520864
-0.04973065 , -0.4012784 , -0.1123364
0.02017191 , 1.318255 , 1.913352
1.738619 , -0.7448162 , 2.507108
0.3435365 , 0.1318349 , 1.503251
-0.2412753 , 1.445768 , 0.4614428
0.7649842 , 1.493821 , 0.7956553
1.232872 , 1.852276 , -0.8320131
-1.02798 , 0.8591856 , -1.41392
-0.771946 , -0.3189648 , -1.06141
0.1370763 , -0.5732673 , -1.554366
0.862468 , -0.1878471 , -1.487857
-0.5091208 , -0.7863593 , -0.6454437
-0.2656132 , -1.052293 , -0.3087315
0.06213622 , -0.1420455 , -0.3218972
-0.9735422 , 3.110332 , 0.1183622
-0.8186713 , 2.496981 , 0.024772
0.3153614 , 1.805051 , -0.006915638
1.040061 , 1.103272 , 0.3512221
1.067949 , 1.080589 , 0.7209281
-0.07411263 , -1.193417 , 1.223311
0.3066356 , -1.767553 , 1.181811
0.3290499 , -1.739898 , 1.265679
0.2575189 , -0.5646581 , 0.8817507
-0.7588848 , 0.5137545 , -1.956314
-0.9695156 , 0.6501485 , -1.384839
0.1449992 , 1.422015 , 1.754648
0.4253193 , -1.038019 , 1.453326
0.9155321 , 0.06224594 , 2.560774
-0.5600933 , 1.538423 , -0.2357174
0.7010417 , 1.737308 , 0.7310991
1.109166 , 2.880347 , -0.697077
-1.214448 , 1.131657 , -1.092104
-1.185234 , -0.4339532 , -1.220523
0.3394224 , -1.092659 , -1.12385
0.8537022 , 0.008739513 , -2.358213
-0.4000726 , -0.7461344 , -0.9340869
-0.6014639 , -1.082755 , 0.1413722
0.298079 , 0.3018149 , -0.100215
-0.8371651 , 2.81204 , -0.204147
-0.825043 , 2.813058 , -0.1510204
0.08447657 , 2.592408 , 0.2428448
1.250283 , 1.308345 , 0.4188878
0.5737973 , 0.3426922 , 1.226834
0.0460522 , -0.9078329 , 1.440543
-0.194054 , -2.100918 , 1.353223
0.7582452 , -1.834981 , 1.559711
0.3903397 , -0.489167 , 0.6040275
-1.08558 , 1.038793 , -2.707468
-0.3398175 , 0.01736603 , -0.2628657
0.3272898 , 0.3681356 , 3.125842
-0.2159044 , 0.5717741 , -0.1228398
1.235443 , -0.8488487 , 2.596499
-0.8765743 , 1.176983 , 0.5784425
0.3066671 , 1.114615 , 0.6887468
1.377338 , 2.159748 , -0.08740816
-0.9344319 , 1.155972 , -1.320441
-0.7189106 , 0.1085509 , -1.116332
0.2265748 , -0.9921263 , -0.8424726
0.6965647 , -0.1089846 , -1.923832
-0.4916127 , -0.9124659 , -0.7498693
-0.6172085 , -0.999856 , -0.3359339
0.0875062 , 0.09738531 , -0.1650824
0.246045 , 1.765747 , -0.02597254
-0.7000518 , 2.913724 , -0.08850517
-0.6687324 , 2.229034 , 0.2268654
1.005983 , 1.390095 , 0.1579048
0.9798729 , 0.9422789 , 0.5062978
0.3043256 , -0.1707002 , 1.031118
-0.2238631 , -1.321267 , 1.105335
-0.0112465 , -2.092979 , 1.274964
0.6053183 , -0.9785993 , 1.150488
-0.6280872 , 0.1750333 , -1.503774
-1.079347 , 0.7305074 , -2.316091
0.3766169 , -0.8182469 , 0.9628085
-0.7044758 , 1.324885 , -1.055315
1.404958 , -0.1340406 , 2.056066
-0.1451854 , -0.03233444 , 0.8184576
-0.3482746 , 1.098117 , 0.3632128
0.8143502 , 2.394266 , 0.236652
0.4852349 , 1.184162 , -1.176884
-0.9272997 , 0.7942132 , -1.294063
-0.4127674 , -0.7796519 , -0.9330318
0.3838883 , -0.1018786 , -2.109038
0.360728 , -0.5506996 , -0.6682354
-0.6164656 , -0.9347346 , -0.5072375
0.3922071 , -0.2399177 , -0.3688123
0.7925082 , 1.203981 , -0.1341446
-1.026245 , 1.084261 , -0.1944062
-0.9382645 , 2.175849 , -0.1484913
0.3007439 , 2.072107 , 0.3264461
0.7509001 , 0.9510027 , 0.3241076
0.3052622 , 0.2031361 , 0.9811509
0.1540989 , -0.8807744 , 1.214253
-0.1093701 , -1.895294 , 1.038706
0.4453265 , -1.215189 , 1.346872
-0.290365 , -0.155814 , -0.4753866
-0.5933286 , 0.7675026 , -2.508116
-0.5162405 , -0.1403463 , 1.348913
0.1411693 , 1.763511 , 0.1631542
2.032703 , -1.573199 , 2.148682
-0.002948924 , 0.5231851 , 0.4621912
-0.1986061 , 1.231231 , 0.165252
0.3648653 , 0.5064104 , 0.9525121
0.122164 , 1.038436 , -0.9518551
-0.7522386 , 0.5362166 , -1.340978
-0.6006671 , 0.2847072 , -1.238415
0.3570111 , -0.1784125 , -1.674158
0.8784954 , -0.4398228 , -0.7496611
-0.2606213 , -0.7869791 , -0.7099214
-0.4235302 , -1.028658 , -0.3514307
0.6256041 , 0.2404277 , -0.4828117
0.6229185 , 1.834891 , -0.130145
0.2306142 , 1.231725 , 0.1466656
-0.1295617 , 1.973055 , 0.06269011
1.000778 , 1.17235 , 0.2629877
0.6768598 , 0.919281 , 0.6524059
-0.101509 , -0.7980761 , 1.028514
-0.2269751 , -1.318871 , 0.8613511
-0.0275793 , -1.969625 , 1.089414
0.3852579 , -0.666012 , 0.6639743
0.01936662 , 0.5533472 , -2.01169
-0.03011589 , 0.2512467 , -0.7300798
0.3761951 , -0.2874406 , 2.652254
-1.429127 , 0.001219651 , -0.2230647
2.194139 , -0.5954434 , 2.744622
0.705233 , 1.332627 , 0.2004955
0.9133165 , 1.062423 , 0.3772192
0.4275363 , 1.610266 , -0.08524577
-0.8254845 , 0.89639 , -1.230113
-0.9983703 , 0.5501683 , -1.054329
0.1746941 , -0.9595507 , -0.6346262
0.6569397 , -0.2985859 , -2.090389
0.792532 , -0.5966176 , -0.4444191
-0.2736633 , -1.059324 , -0.2297035
0.5049956 , -0.1508407 , -0.2949435
0.903974 , 1.269485 , -0.1978757
-0.1785207 , 1.075644 , 0.3633229
0.3960729 , 1.976534 , 0.1903128
2.042255 , 2.093815 , -0.4481406
0.5226424 , 0.5574341 , 1.018707
0.3963769 , -0.4025767 , 1.318505
-0.2361429 , -1.204899 , 1.221307
0.0925319 , -1.829403 , 1.650905
0.1615893 , -0.9614121 , 0.9944049
-0.4628796 , -0.2060733 , -1.136661
-0.2641359 , 0.4082048 , -2.021245
1.886422 , -0.8049731 , 2.566395
-1.903519 , 3.039125 , -0.2104134
-0.2337089 , -1.595851 , 0.5044006
0.1311746 , 2.363322 , 0.1926734
0.4942116 , 2.783878 , -0.6192276
0.6780586 , 1.149109 , -0.04956299
-0.6984006 , 0.7553475 , -1.143049
-0.8382586 , 0.5623651 , -0.9157546
0.2071989 , -0.9033397 , -0.8537731
0.7343336 , -0.3235637 , -2.159915
0.7860061 , -0.4660634 , -0.8754708
-0.5605968 , -0.877205 , -0.07064163
-0.3905714 , -0.3972274 , -0.2437664
0.1229207 , 1.302252 , 0.05853003
-0.5951352 , 1.535637 , -0.1447522
-0.1699136 , 2.122199 , 0.4124827
1.097425 , 1.844043 , -0.1772701
0.6992416 , 0.8138087 , 0.8295302
0.3655664 , -0.368657 , 1.401244
0.1946638 , -1.035352 , 1.420891
0.1458732 , -2.167095 , 1.356674
0.5399233 , -0.8921046 , 1.246238
-0.4043743 , -0.1624504 , -0.7055771
-1.817617 , 1.049417 , -2.601668
2.041796 , 0.4772306 , 3.544442
2.062516 , -1.202474 , 3.656932
0.9330412 , 1.415741 , 1.473577
-0.4115553 , 2.70197 , -1.075559
0.6816422 , 1.052393 , 0.1497437
0.4102584 , 1.708418 , -0.2895726
-0.4080999 , 0.9875689 , -1.000058
-1.007266 , 0.1508611 , -1.061129
0.0383876 , -1.24512 , -0.5077625
0.6493585 , -0.2735284 , -2.081218
0.6650071 , -0.5144286 , -0.6482365
-0.5358765 , -0.953725 , -0.1714621
0.5421929 , 0.2722065 , -0.2927429
1.066372 , 1.058284 , -0.113177
-0.2770508 , 1.092026 , 0.1420435
-0.4273158 , 2.169783 , 0.326469
1.072779 , 1.765518 , 0.4042667
